DateTime,ARIMA,UCM,ML
2016-12-01 00:00:00,,0.042307360333260394,
2016-12-01 01:00:00,,0.0024985780513461023,
2016-12-01 02:00:00,,0.0026189644416328914,
2016-12-01 03:00:00,,0.007551500883089125,
2016-12-01 04:00:00,,0.021367811221804242,
2016-12-01 05:00:00,,0.05046708960170044,
2016-12-01 06:00:00,,0.07745564387985626,
2016-12-01 07:00:00,,0.12961038430350488,
2016-12-01 08:00:00,,0.1166800739613695,
2016-12-01 09:00:00,,0.10766572610395334,
2016-12-01 10:00:00,,0.062065197537541826,
2016-12-01 11:00:00,,0.050960202355291376,
2016-12-01 12:00:00,,0.048984573647536146,
2016-12-01 13:00:00,,0.05015848627299193,
2016-12-01 14:00:00,,0.04659795080200617,
2016-12-01 15:00:00,,0.040458654752687895,
2016-12-01 16:00:00,,0.03731875056571861,
2016-12-01 17:00:00,,0.037123270004727385,
2016-12-01 18:00:00,,0.031603668034745236,
2016-12-01 19:00:00,,0.028423526279996045,
2016-12-01 20:00:00,,0.024651210487905483,
2016-12-01 21:00:00,,0.022358519692992875,
2016-12-01 22:00:00,,0.01665984832565795,
2016-12-01 23:00:00,,0.009830425534910293,
2016-12-02 00:00:00,,0.04229014629380941,
2016-12-02 01:00:00,,0.0024813640118950125,
2016-12-02 02:00:00,,0.0026017504021818433,
2016-12-02 03:00:00,,0.007534286843638112,
2016-12-02 04:00:00,,0.021350597182353215,
2016-12-02 05:00:00,,0.050449875562249384,
2016-12-02 06:00:00,,0.07743842984040522,
2016-12-02 07:00:00,,0.12959317026405384,
2016-12-02 08:00:00,,0.11666285992191844,
2016-12-02 09:00:00,,0.10764851206450227,
2016-12-02 10:00:00,,0.0620479834980908,
2016-12-02 11:00:00,,0.050942988315840335,
2016-12-02 12:00:00,,0.04896735960808514,
2016-12-02 13:00:00,,0.05014127223354084,
2016-12-02 14:00:00,,0.046580736762555204,
2016-12-02 15:00:00,,0.04044144071323684,
2016-12-02 16:00:00,,0.03730153652626754,
2016-12-02 17:00:00,,0.03710605596527629,
2016-12-02 18:00:00,,0.0315864539952943,
2016-12-02 19:00:00,,0.028406312240545,
2016-12-02 20:00:00,,0.024633996448454386,
2016-12-02 21:00:00,,0.022341305653541844,
2016-12-02 22:00:00,,0.016642634286206923,
2016-12-02 23:00:00,,0.00981321149545928,
2016-12-03 00:00:00,,0.04227293225435832,
2016-12-03 01:00:00,,0.0024641499724439506,
2016-12-03 02:00:00,,0.0025845363627308576,
2016-12-03 03:00:00,,0.007517072804187057,
2016-12-03 04:00:00,,0.021333383142902188,
2016-12-03 05:00:00,,0.05043266152279829,
2016-12-03 06:00:00,,0.07742121580095424,
2016-12-03 07:00:00,,0.12957595622460277,
2016-12-03 08:00:00,,0.1166456458824674,
2016-12-03 09:00:00,,0.10763129802505123,
2016-12-03 10:00:00,,0.06203076945863979,
2016-12-03 11:00:00,,0.05092577427638926,
2016-12-03 12:00:00,,0.04895014556863414,
2016-12-03 13:00:00,,0.05012405819408979,
2016-12-03 14:00:00,,0.0465635227231042,
2016-12-03 15:00:00,,0.04042422667378576,
2016-12-03 16:00:00,,0.037284322486816526,
2016-12-03 17:00:00,,0.03708884192582518,
2016-12-03 18:00:00,,0.03156923995584329,
2016-12-03 19:00:00,,0.028389098201093987,
2016-12-03 20:00:00,,0.024616782409003307,
2016-12-03 21:00:00,,0.022324091614090776,
2016-12-03 22:00:00,,0.01662542024675595,
2016-12-03 23:00:00,,0.009795997456008204,
2016-12-04 00:00:00,,0.0422557182149073,
2016-12-04 01:00:00,,0.0024469359329928816,
2016-12-04 02:00:00,,0.002567322323279858,
2016-12-04 03:00:00,,0.007499858764735974,
2016-12-04 04:00:00,,0.021316169103451174,
2016-12-04 05:00:00,,0.050415447483347274,
2016-12-04 06:00:00,,0.07740400176150318,
2016-12-04 07:00:00,,0.12955874218515168,
2016-12-04 08:00:00,,0.11662843184301638,
2016-12-04 09:00:00,,0.10761408398560018,
2016-12-04 10:00:00,,0.06201355541918874,
2016-12-04 11:00:00,,0.05090856023693823,
2016-12-04 12:00:00,,0.04893293152918307,
2016-12-04 13:00:00,,0.0501068441546388,
2016-12-04 14:00:00,,0.04654630868365309,
2016-12-04 15:00:00,,0.040407012634334744,
2016-12-04 16:00:00,,0.03726710844736548,
2016-12-04 17:00:00,,0.03707162788637419,
2016-12-04 18:00:00,,0.031552025916392196,
2016-12-04 19:00:00,,0.028371884161642956,
2016-12-04 20:00:00,,0.024599568369552266,
2016-12-04 21:00:00,,0.022306877574639776,
2016-12-04 22:00:00,,0.01660820620730486,
2016-12-04 23:00:00,,0.009778783416557198,
2016-12-05 00:00:00,,0.04223850417545623,
2016-12-05 01:00:00,,0.0024297218935418544,
2016-12-05 02:00:00,,0.002550108283828817,
2016-12-05 03:00:00,,0.007482644725284988,
2016-12-05 04:00:00,,0.021298955064000022,
2016-12-05 05:00:00,,0.05039823344389625,
2016-12-05 06:00:00,,0.07738678772205214,
2016-12-05 07:00:00,,0.12954152814570072,
2016-12-05 08:00:00,,0.11661121780356531,
2016-12-05 09:00:00,,0.10759686994614914,
2016-12-05 10:00:00,,0.06199634137973767,
2016-12-05 11:00:00,,0.05089134619748721,
2016-12-05 12:00:00,,0.04891571748973206,
2016-12-05 13:00:00,,0.05008963011518771,
2016-12-05 14:00:00,,0.046529094644202074,
2016-12-05 15:00:00,,0.040389798594883716,
2016-12-05 16:00:00,,0.03724989440791447,
2016-12-05 17:00:00,,0.03705441384692308,
2016-12-05 18:00:00,,0.031534811876941196,
2016-12-05 19:00:00,,0.028354670122191915,
2016-12-05 20:00:00,,0.02458235433010121,
2016-12-05 21:00:00,,0.022289663535188686,
2016-12-05 22:00:00,,0.016590992167853827,
2016-12-05 23:00:00,,0.009761569377106212,
2016-12-06 00:00:00,,0.04222129013600516,
2016-12-06 01:00:00,,0.0024125078540907993,
2016-12-06 02:00:00,,0.002532894244377762,
2016-12-06 03:00:00,,0.007465430685833975,
2016-12-06 04:00:00,,0.021281741024548995,
2016-12-06 05:00:00,,0.050381019404445206,
2016-12-06 06:00:00,,0.07736957368260113,
2016-12-06 07:00:00,,0.12952431410624965,
2016-12-06 08:00:00,,0.11659400376411425,
2016-12-06 09:00:00,,0.1075796559066981,
2016-12-06 10:00:00,,0.061979127340286655,
2016-12-06 11:00:00,,0.05087413215803613,
2016-12-06 12:00:00,,0.04889850345028103,
2016-12-06 13:00:00,,0.0500724160757367,
2016-12-06 14:00:00,,0.04651188060475101,
2016-12-06 15:00:00,,0.04037258455543266,
2016-12-06 16:00:00,,0.03723268036846346,
2016-12-06 17:00:00,,0.03703719980747205,
2016-12-06 18:00:00,,0.031517597837490155,
2016-12-06 19:00:00,,0.02833745608274086,
2016-12-06 20:00:00,,0.02456514029065015,
2016-12-06 21:00:00,,0.022272449495737666,
2016-12-06 22:00:00,,0.016573778128402786,
2016-12-06 23:00:00,,0.009744355337655171,
2016-12-07 00:00:00,,0.04220407609655408,
2016-12-07 01:00:00,,0.0023952938146398137,
2016-12-07 02:00:00,,0.002515680204926679,
2016-12-07 03:00:00,,0.007448216646382948,
2016-12-07 04:00:00,,0.02126452698509798,
2016-12-07 05:00:00,,0.05036380536499414,
2016-12-07 06:00:00,,0.07735235964315006,
2016-12-07 07:00:00,,0.12950710006679864,
2016-12-07 08:00:00,,0.11657678972466322,
2016-12-07 09:00:00,,0.10756244186724706,
2016-12-07 10:00:00,,0.0619619133008356,
2016-12-07 11:00:00,,0.0508569181185851,
2016-12-07 12:00:00,,0.04888128941082999,
2016-12-07 13:00:00,,0.05005520203628569,
2016-12-07 14:00:00,,0.04649466656529999,
2016-12-07 15:00:00,,0.04035537051598158,
2016-12-07 16:00:00,,0.03721546632901239,
2016-12-07 17:00:00,,0.037019985768021034,
2016-12-07 18:00:00,,0.031500383798039155,
2016-12-07 19:00:00,,0.028320242043289756,
2016-12-07 20:00:00,,0.02454792625119913,
2016-12-07 21:00:00,,0.022255235456286653,
2016-12-07 22:00:00,,0.01655656408895173,
2016-12-07 23:00:00,,0.009727141298204088,
2016-12-08 00:00:00,,0.042186862057103064,
2016-12-08 01:00:00,,0.0023780797751888003,
2016-12-08 02:00:00,,0.002498466165475624,
2016-12-08 03:00:00,,0.007431002606931879,
2016-12-08 04:00:00,,0.02124731294564694,
2016-12-08 05:00:00,,0.05034659132554312,
2016-12-08 06:00:00,,0.07733514560369899,
2016-12-08 07:00:00,,0.12948988602734762,
2016-12-08 08:00:00,,0.11655957568521212,
2016-12-08 09:00:00,,0.10754522782779602,
2016-12-08 10:00:00,,0.06194469926138453,
2016-12-08 11:00:00,,0.05083970407913413,
2016-12-08 12:00:00,,0.04886407537137891,
2016-12-08 13:00:00,,0.05003798799683465,
2016-12-08 14:00:00,,0.046477452525848936,
2016-12-08 15:00:00,,0.040338156476530565,
2016-12-08 16:00:00,,0.03719825228956135,
2016-12-08 17:00:00,,0.03700277172856998,
2016-12-08 18:00:00,,0.03148316975858811,
2016-12-08 19:00:00,,0.028303028003838722,
2016-12-08 20:00:00,,0.024530712211748115,
2016-12-08 21:00:00,,0.022238021416835597,
2016-12-08 22:00:00,,0.016539350049500662,
2016-12-08 23:00:00,,0.009709927258753047,
2016-12-09 00:00:00,,0.042169648017652064,
2016-12-09 01:00:00,,0.0023608657357377452,
2016-12-09 02:00:00,,0.002481252126024569,
2016-12-09 03:00:00,,0.007413788567480865,
2016-12-09 04:00:00,,0.02123009890619587,
2016-12-09 05:00:00,,0.050329377286092054,
2016-12-09 06:00:00,,0.07731793156424799,
2016-12-09 07:00:00,,0.12947267198789658,
2016-12-09 08:00:00,,0.11654236164576107,
2016-12-09 09:00:00,,0.10752801378834495,
2016-12-09 10:00:00,,0.06192748522193352,
2016-12-09 11:00:00,,0.0508224900396831,
2016-12-09 12:00:00,,0.048846861331927866,
2016-12-09 13:00:00,,0.050020773957383566,
2016-12-09 14:00:00,,0.04646023848639792,
2016-12-09 15:00:00,,0.04032094243707951,
2016-12-09 16:00:00,,0.03718103825011032,
2016-12-09 17:00:00,,0.036985557689118945,
2016-12-09 18:00:00,,0.031465955719137045,
2016-12-09 19:00:00,,0.028285813964387653,
2016-12-09 20:00:00,,0.024513498172297088,
2016-12-09 21:00:00,,0.022220807377384542,
2016-12-09 22:00:00,,0.016522136010049635,
2016-12-09 23:00:00,,0.00969271321930202,
2016-12-10 00:00:00,,0.04215243397820102,
2016-12-10 01:00:00,,0.002343651696286704,
2016-12-10 02:00:00,,0.0024640380865735695,
2016-12-10 03:00:00,,0.007396574528029824,
2016-12-10 04:00:00,,0.021212884866744747,
2016-12-10 05:00:00,,0.05031216324664103,
2016-12-10 06:00:00,,0.07730071752479695,
2016-12-10 07:00:00,,0.1294554579484456,
2016-12-10 08:00:00,,0.11652514760631,
2016-12-10 09:00:00,,0.10751079974889394,
2016-12-10 10:00:00,,0.061910271182482476,
2016-12-10 11:00:00,,0.05080527600023203,
2016-12-10 12:00:00,,0.04882964729247685,
2016-12-10 13:00:00,,0.05000355991793252,
2016-12-10 14:00:00,,0.04644302444694687,
2016-12-10 15:00:00,,0.04030372839762847,
2016-12-10 16:00:00,,0.03716382421065929,
2016-12-10 17:00:00,,0.03696834364966791,
2016-12-10 18:00:00,,0.03144874167968603,
2016-12-10 19:00:00,,0.028268599924936584,
2016-12-10 20:00:00,,0.02449628413284609,
2016-12-10 21:00:00,,0.02220359333793346,
2016-12-10 22:00:00,,0.016504921970598593,
2016-12-10 23:00:00,,0.009675499179850978,
2016-12-11 00:00:00,,0.04213521993875004,
2016-12-11 01:00:00,,0.002326437656835635,
2016-12-11 02:00:00,,0.002446824047122473,
2016-12-11 03:00:00,,0.007379360488578811,
2016-12-11 04:00:00,,0.02119567082729372,
2016-12-11 05:00:00,,0.050294949207190014,
2016-12-11 06:00:00,,0.07728350348534584,
2016-12-11 07:00:00,,0.1294382439089946,
2016-12-11 08:00:00,,0.11650793356685896,
2016-12-11 09:00:00,,0.1074935857094429,
2016-12-11 10:00:00,,0.06189305714303142,
2016-12-11 11:00:00,,0.050788061960781034,
2016-12-11 12:00:00,,0.04881243325302578,
2016-12-11 13:00:00,,0.04998634587848148,
2016-12-11 14:00:00,,0.04642581040749581,
2016-12-11 15:00:00,,0.04028651435817747,
2016-12-11 16:00:00,,0.03714661017120821,
2016-12-11 17:00:00,,0.03695112961021687,
2016-12-11 18:00:00,,0.03143152764023502,
2016-12-11 19:00:00,,0.028251385885485543,
2016-12-11 20:00:00,,0.024479070093395006,
2016-12-11 21:00:00,,0.022186379298482446,
2016-12-11 22:00:00,,0.016487707931147552,
2016-12-11 23:00:00,,0.009658285140399965,
2016-12-12 00:00:00,,0.042118005899298955,
2016-12-12 01:00:00,,0.002309223617384594,
2016-12-12 02:00:00,,0.0024296100076714316,
2016-12-12 03:00:00,,0.0073621464491277835,
2016-12-12 04:00:00,,0.02117845678784265,
2016-12-12 05:00:00,,0.05027773516773896,
2016-12-12 06:00:00,,0.0772662894458948,
2016-12-12 07:00:00,,0.1294210298695436,
2016-12-12 08:00:00,,0.11649071952740793,
2016-12-12 09:00:00,,0.10747637166999183,
2016-12-12 10:00:00,,0.06187584310358038,
2016-12-12 11:00:00,,0.050770847921329965,
2016-12-12 12:00:00,,0.04879521921357478,
2016-12-12 13:00:00,,0.049969131839030415,
2016-12-12 14:00:00,,0.04640859636804478,
2016-12-12 15:00:00,,0.04026930031872641,
2016-12-12 16:00:00,,0.0371293961317572,
2016-12-12 17:00:00,,0.03693391557076583,
2016-12-12 18:00:00,,0.031414313600783964,
2016-12-12 19:00:00,,0.028234171846034474,
2016-12-12 20:00:00,,0.024461856053944006,
2016-12-12 21:00:00,,0.02216916525903139,
2016-12-12 22:00:00,,0.01647049389169651,
2016-12-12 23:00:00,,0.009641071100948938,
2016-12-13 00:00:00,,0.04210079185984794,
2016-12-13 01:00:00,,0.002292009577933525,
2016-12-13 02:00:00,,0.0024123959682203905,
2016-12-13 03:00:00,,0.007344932409676742,
2016-12-13 04:00:00,,0.021161242748391623,
2016-12-13 05:00:00,,0.05026052112828789,
2016-12-13 06:00:00,,0.07724907540644381,
2016-12-13 07:00:00,,0.1294038158300925,
2016-12-13 08:00:00,,0.11647350548795692,
2016-12-13 09:00:00,,0.10745915763054079,
2016-12-13 10:00:00,,0.06185862906412934,
2016-12-13 11:00:00,,0.05075363388187887,
2016-12-13 12:00:00,,0.04877800517412377,
2016-12-13 13:00:00,,0.04995191779957936,
2016-12-13 14:00:00,,0.04639138232859373,
2016-12-13 15:00:00,,0.040252086279275366,
2016-12-13 16:00:00,,0.037112182092306184,
2016-12-13 17:00:00,,0.03691670153131479,
2016-12-13 18:00:00,,0.03139709956133291,
2016-12-13 19:00:00,,0.02821695780658342,
2016-12-13 20:00:00,,0.024444642014492965,
2016-12-13 21:00:00,,0.02215195121958039,
2016-12-13 22:00:00,,0.016453279852245456,
2016-12-13 23:00:00,,0.009623857061497869,
2016-12-14 00:00:00,,0.042083577820396914,
2016-12-14 01:00:00,,0.0022747955384825255,
2016-12-14 02:00:00,,0.0023951819287693216,
2016-12-14 03:00:00,,0.007327718370225687,
2016-12-14 04:00:00,,0.021144028708940582,
2016-12-14 05:00:00,,0.050243307088836876,
2016-12-14 06:00:00,,0.07723186136699273,
2016-12-14 07:00:00,,0.1293866017906415,
2016-12-14 08:00:00,,0.1164562914485059,
2016-12-14 09:00:00,,0.10744194359108969,
2016-12-14 10:00:00,,0.0618414150246783,
2016-12-14 11:00:00,,0.0507364198424278,
2016-12-14 12:00:00,,0.048760791134672805,
2016-12-14 13:00:00,,0.0499347037601283,
2016-12-14 14:00:00,,0.04637416828914269,
2016-12-14 15:00:00,,0.040234872239824256,
2016-12-14 16:00:00,,0.037094968052855226,
2016-12-14 17:00:00,,0.03689948749186369,
2016-12-14 18:00:00,,0.03137988552188188,
2016-12-14 19:00:00,,0.028199743767132364,
2016-12-14 20:00:00,,0.02442742797504198,
2016-12-14 21:00:00,,0.02213473718012931,
2016-12-14 22:00:00,,0.01643606581279443,
2016-12-14 23:00:00,,0.009606643022046814,
2016-12-15 00:00:00,,0.0420663637809459,
2016-12-15 01:00:00,,0.0022575814990314566,
2016-12-15 02:00:00,,0.002377967889318308,
2016-12-15 03:00:00,,0.007310504330774618,
2016-12-15 04:00:00,,0.021126814669489596,
2016-12-15 05:00:00,,0.05022609304938574,
2016-12-15 06:00:00,,0.07721464732754177,
2016-12-15 07:00:00,,0.12936938775119045,
2016-12-15 08:00:00,,0.11643907740905485,
2016-12-15 09:00:00,,0.10742472955163865,
2016-12-15 10:00:00,,0.06182420098522723,
2016-12-15 11:00:00,,0.05071920580297681,
2016-12-15 12:00:00,,0.0487435770952217,
2016-12-15 13:00:00,,0.049917489720677256,
2016-12-15 14:00:00,,0.046356954249691676,
2016-12-15 15:00:00,,0.040217658200373256,
2016-12-15 16:00:00,,0.037077754013404116,
2016-12-15 17:00:00,,0.036882273452412635,
2016-12-15 18:00:00,,0.031362671482430896,
2016-12-15 19:00:00,,0.028182529727681337,
2016-12-15 20:00:00,,0.02441021393559087,
2016-12-15 21:00:00,,0.022117523140678268,
2016-12-15 22:00:00,,0.016418851773343457,
2016-12-15 23:00:00,,0.009589428982595773,
2016-12-16 00:00:00,,0.04204914974149482,
2016-12-16 01:00:00,,0.0022403674595804016,
2016-12-16 02:00:00,,0.0023607538498673086,
2016-12-16 03:00:00,,0.0072932902913235495,
2016-12-16 04:00:00,,0.02110960063003857,
2016-12-16 05:00:00,,0.05020887900993464,
2016-12-16 06:00:00,,0.07719743328809078,
2016-12-16 07:00:00,,0.1293521737117394,
2016-12-16 08:00:00,,0.1164218633696038,
2016-12-16 09:00:00,,0.10740751551218763,
2016-12-16 10:00:00,,0.06180698694577618,
2016-12-16 11:00:00,,0.05070199176352579,
2016-12-16 12:00:00,,0.048726363055770605,
2016-12-16 13:00:00,,0.04990027568122623,
2016-12-16 14:00:00,,0.04633974021024066,
2016-12-16 15:00:00,,0.04020044416092219,
2016-12-16 16:00:00,,0.037060539973953074,
2016-12-16 17:00:00,,0.03686505941296162,
2016-12-16 18:00:00,,0.03134545744297984,
2016-12-16 19:00:00,,0.02816531568823031,
2016-12-16 20:00:00,,0.024392999896139814,
2016-12-16 21:00:00,,0.022100309101227254,
2016-12-16 22:00:00,,0.016401637733892402,
2016-12-16 23:00:00,,0.009572214943144718,
2016-12-17 00:00:00,,0.042031935702043735,
2016-12-17 01:00:00,,0.002223153420129416,
2016-12-17 02:00:00,,0.0023435398104162952,
2016-12-17 03:00:00,,0.0072760762518724945,
2016-12-17 04:00:00,,0.0210923865905875,
2016-12-17 05:00:00,,0.05019166497048357,
2016-12-17 06:00:00,,0.07718021924863981,
2016-12-17 07:00:00,,0.12933495967228836,
2016-12-17 08:00:00,,0.11640464933015272,
2016-12-17 09:00:00,,0.10739030147273662,
2016-12-17 10:00:00,,0.06178977290632509,
2016-12-17 11:00:00,,0.050684777724074793,
2016-12-17 12:00:00,,0.04870914901631952,
2016-12-17 13:00:00,,0.04988306164177519,
2016-12-17 14:00:00,,0.046322526170789635,
2016-12-17 15:00:00,,0.040183230121471146,
2016-12-17 16:00:00,,0.037043325934502006,
2016-12-17 17:00:00,,0.03684784537351061,
2016-12-17 18:00:00,,0.031328243403528744,
2016-12-17 19:00:00,,0.02814810164877935,
2016-12-17 20:00:00,,0.02437578585668873,
2016-12-17 21:00:00,,0.022083095061776255,
2016-12-17 22:00:00,,0.01638442369444132,
2016-12-17 23:00:00,,0.00955500090369369,
2016-12-18 00:00:00,,0.04201472166259268,
2016-12-18 01:00:00,,0.0022059393806783748,
2016-12-18 02:00:00,,0.002326325770965254,
2016-12-18 03:00:00,,0.007258862212421481,
2016-12-18 04:00:00,,0.02107517255113643,
2016-12-18 05:00:00,,0.05017445093103263,
2016-12-18 06:00:00,,0.07716300520918866,
2016-12-18 07:00:00,,0.12931774563283735,
2016-12-18 08:00:00,,0.11638743529070167,
2016-12-18 09:00:00,,0.10737308743328558,
2016-12-18 10:00:00,,0.06177255886687408,
2016-12-18 11:00:00,,0.050667563684623794,
2016-12-18 12:00:00,,0.048691934976868426,
2016-12-18 13:00:00,,0.04986584760232415,
2016-12-18 14:00:00,,0.046305312131338594,
2016-12-18 15:00:00,,0.04016601608202012,
2016-12-18 16:00:00,,0.03702611189505095,
2016-12-18 17:00:00,,0.03683063133405958,
2016-12-18 18:00:00,,0.03131102936407765,
2016-12-18 19:00:00,,0.028130887609328407,
2016-12-18 20:00:00,,0.024358571817237606,
2016-12-18 21:00:00,,0.022065881022325255,
2016-12-18 22:00:00,,0.016367209654990278,
2016-12-18 23:00:00,,0.009537786864242663,
2016-12-19 00:00:00,,0.04199750762314165,
2016-12-19 01:00:00,,0.002188725341227292,
2016-12-19 02:00:00,,0.002309111731514213,
2016-12-19 03:00:00,,0.007241648172970468,
2016-12-19 04:00:00,,0.021057958511685404,
2016-12-19 05:00:00,,0.05015723689158156,
2016-12-19 06:00:00,,0.0771457911697376,
2016-12-19 07:00:00,,0.12930053159338634,
2016-12-19 08:00:00,,0.11637022125125061,
2016-12-19 09:00:00,,0.10735587339383451,
2016-12-19 10:00:00,,0.06175534482742305,
2016-12-19 11:00:00,,0.05065034964517277,
2016-12-19 12:00:00,,0.04867472093741733,
2016-12-19 13:00:00,,0.04984863356287316,
2016-12-19 14:00:00,,0.046288098091887525,
2016-12-19 15:00:00,,0.040148802042569105,
2016-12-19 16:00:00,,0.037008897855599854,
2016-12-19 17:00:00,,0.03681341729460861,
2016-12-19 18:00:00,,0.03129381532462659,
2016-12-19 19:00:00,,0.02811367356987738,
2016-12-19 20:00:00,,0.02434135777778651,
2016-12-19 21:00:00,,0.022048666982874256,
2016-12-19 22:00:00,,0.016349995615539223,
2016-12-19 23:00:00,,0.009520572824791636,
2016-12-20 00:00:00,,0.041980293583690584,
2016-12-20 01:00:00,,0.0021715113017762785,
2016-12-20 02:00:00,,0.002291897692063158,
2016-12-20 03:00:00,,0.007224434133519468,
2016-12-20 04:00:00,,0.021040744472234224,
2016-12-20 05:00:00,,0.05014002285213064,
2016-12-20 06:00:00,,0.0771285771302865,
2016-12-20 07:00:00,,0.12928331755393532,
2016-12-20 08:00:00,,0.11635300721179959,
2016-12-20 09:00:00,,0.10733865935438347,
2016-12-20 10:00:00,,0.061738130787971995,
2016-12-20 11:00:00,,0.0506331356057217,
2016-12-20 12:00:00,,0.04865750689796634,
2016-12-20 13:00:00,,0.04983141952342208,
2016-12-20 14:00:00,,0.04627088405243654,
2016-12-20 15:00:00,,0.040131588003118036,
2016-12-20 16:00:00,,0.03699168381614881,
2016-12-20 17:00:00,,0.03679620325515754,
2016-12-20 18:00:00,,0.03127660128517558,
2016-12-20 19:00:00,,0.028096459530426325,
2016-12-20 20:00:00,,0.02432414373833551,
2016-12-20 21:00:00,,0.0220314529434232,
2016-12-20 22:00:00,,0.01633278157608814,
2016-12-20 23:00:00,,0.009503358785340595,
2016-12-21 00:00:00,,0.04196307954423956,
2016-12-21 01:00:00,,0.0021542972623252096,
2016-12-21 02:00:00,,0.0022746836526121444,
2016-12-21 03:00:00,,0.007207220094068455,
2016-12-21 04:00:00,,0.02102353043278317,
2016-12-21 05:00:00,,0.05012280881267956,
2016-12-21 06:00:00,,0.0771113630908355,
2016-12-21 07:00:00,,0.12926610351448428,
2016-12-21 08:00:00,,0.11633579317234856,
2016-12-21 09:00:00,,0.1073214453149324,
2016-12-21 10:00:00,,0.061720916748520954,
2016-12-21 11:00:00,,0.050615921566270684,
2016-12-21 12:00:00,,0.04864029285851525,
2016-12-21 13:00:00,,0.04981420548397108,
2016-12-21 14:00:00,,0.046253670012985526,
2016-12-21 15:00:00,,0.040114373963666954,
2016-12-21 16:00:00,,0.03697446977669776,
2016-12-21 17:00:00,,0.03677898921570651,
2016-12-21 18:00:00,,0.03125938724572459,
2016-12-21 19:00:00,,0.02807924549097523,
2016-12-21 20:00:00,,0.024306929698884483,
2016-12-21 21:00:00,,0.02201423890397216,
2016-12-21 22:00:00,,0.016315567536637113,
2016-12-21 23:00:00,,0.00948614474588954,
2016-12-22 00:00:00,,0.041945865504788515,
2016-12-22 01:00:00,,0.0021370832228741823,
2016-12-22 02:00:00,,0.0022574696131611033,
2016-12-22 03:00:00,,0.0071900060546174,
2016-12-22 04:00:00,,0.021006316393332086,
2016-12-22 05:00:00,,0.05010559477322856,
2016-12-22 06:00:00,,0.07709414905138452,
2016-12-22 07:00:00,,0.12924888947503319,
2016-12-22 08:00:00,,0.1163185791328975,
2016-12-22 09:00:00,,0.10730423127548133,
2016-12-22 10:00:00,,0.06170370270906993,
2016-12-22 11:00:00,,0.05059870752681966,
2016-12-22 12:00:00,,0.04862307881906415,
2016-12-22 13:00:00,,0.04979699144452005,
2016-12-22 14:00:00,,0.04623645597353451,
2016-12-22 15:00:00,,0.0400971599242159,
2016-12-22 16:00:00,,0.036957255737246675,
2016-12-22 17:00:00,,0.0367617751762555,
2016-12-22 18:00:00,,0.031242173206273594,
2016-12-22 19:00:00,,0.028062031451524173,
2016-12-22 20:00:00,,0.0242897156594334,
2016-12-22 21:00:00,,0.02199702486452116,
2016-12-22 22:00:00,,0.016298353497186086,
2016-12-22 23:00:00,,0.009468930706438498,
2016-12-23 00:00:00,,0.041928651465337446,
2016-12-23 01:00:00,,0.002119869183423141,
2016-12-23 02:00:00,,0.0022402555737100482,
2016-12-23 03:00:00,,0.0071727920151664,
2016-12-23 04:00:00,,0.02098910235388103,
2016-12-23 05:00:00,,0.050088380733777506,
2016-12-23 06:00:00,,0.07707693501193347,
2016-12-23 07:00:00,,0.12923167543558217,
2016-12-23 08:00:00,,0.11630136509344652,
2016-12-23 09:00:00,,0.10728701723603026,
2016-12-23 10:00:00,,0.0616864886696189,
2016-12-23 11:00:00,,0.050581493487368616,
2016-12-23 12:00:00,,0.04860586477961314,
2016-12-23 13:00:00,,0.049779777405068955,
2016-12-23 14:00:00,,0.04621924193408351,
2016-12-23 15:00:00,,0.04007994588476483,
2016-12-23 16:00:00,,0.03694004169779565,
2016-12-23 17:00:00,,0.03674456113680446,
2016-12-23 18:00:00,,0.031224959166822552,
2016-12-23 19:00:00,,0.02804481741207312,
2016-12-23 20:00:00,,0.024272501619982387,
2016-12-23 21:00:00,,0.02197981082507009,
2016-12-23 22:00:00,,0.016281139457735044,
2016-12-23 23:00:00,,0.009451716666987457,
2016-12-24 00:00:00,,0.041911437425886405,
2016-12-24 01:00:00,,0.002102655143972114,
2016-12-24 02:00:00,,0.002223041534258993,
2016-12-24 03:00:00,,0.007155577975715401,
2016-12-24 04:00:00,,0.02097188831442995,
2016-12-24 05:00:00,,0.05007116669432645,
2016-12-24 06:00:00,,0.07705972097248244,
2016-12-24 07:00:00,,0.12921446139613113,
2016-12-24 08:00:00,,0.11628415105399546,
2016-12-24 09:00:00,,0.10726980319657922,
2016-12-24 10:00:00,,0.061669274630167886,
2016-12-24 11:00:00,,0.05056427944791759,
2016-12-24 12:00:00,,0.048588650740162095,
2016-12-24 13:00:00,,0.0497625633656179,
2016-12-24 14:00:00,,0.046202027894632444,
2016-12-24 15:00:00,,0.04006273184531379,
2016-12-24 16:00:00,,0.036922827658344634,
2016-12-24 17:00:00,,0.03672734709735343,
2016-12-24 18:00:00,,0.03120774512737147,
2016-12-24 19:00:00,,0.028027603372622077,
2016-12-24 20:00:00,,0.024255287580531387,
2016-12-24 21:00:00,,0.02196259678561905,
2016-12-24 22:00:00,,0.01626392541828396,
2016-12-24 23:00:00,,0.009434502627536416,
2016-12-25 00:00:00,,0.041894223386435406,
2016-12-25 01:00:00,,0.0020854411045210866,
2016-12-25 02:00:00,,0.0022058274948078965,
2016-12-25 03:00:00,,0.007138363936264373,
2016-12-25 04:00:00,,0.02095467427497895,
2016-12-25 05:00:00,,0.050053952654875396,
2016-12-25 06:00:00,,0.07704250693303137,
2016-12-25 07:00:00,,0.12919724735668006,
2016-12-25 08:00:00,,0.11626693701454445,
2016-12-25 09:00:00,,0.10725258915712815,
2016-12-25 10:00:00,,0.06165206059071686,
2016-12-25 11:00:00,,0.05054706540846652,
2016-12-25 12:00:00,,0.04857143670071107,
2016-12-25 13:00:00,,0.04974534932616686,
2016-12-25 14:00:00,,0.0461848138551814,
2016-12-25 15:00:00,,0.04004551780586273,
2016-12-25 16:00:00,,0.03690561361889365,
2016-12-25 17:00:00,,0.03671013305790235,
2016-12-25 18:00:00,,0.03119053108792043,
2016-12-25 19:00:00,,0.028010389333171022,
2016-12-25 20:00:00,,0.024238073541080388,
2016-12-25 21:00:00,,0.021945382746168023,
2016-12-25 22:00:00,,0.01624671137883288,
2016-12-25 23:00:00,,0.009417288588085361,
2016-12-26 00:00:00,,0.041877009346984365,
2016-12-26 01:00:00,,0.002068227065070087,
2016-12-26 02:00:00,,0.0021886134553568,
2016-12-26 03:00:00,,0.007121149896813346,
2016-12-26 04:00:00,,0.02093746023552792,
2016-12-26 05:00:00,,0.05003673861542438,
2016-12-26 06:00:00,,0.07702529289358029,
2016-12-26 07:00:00,,0.12918003331722902,
2016-12-26 08:00:00,,0.11624972297509344,
2016-12-26 09:00:00,,0.10723537511767711,
2016-12-26 10:00:00,,0.06163484655126582,
2016-12-26 11:00:00,,0.05052985136901548,
2016-12-26 12:00:00,,0.048554222661260055,
2016-12-26 13:00:00,,0.04972813528671579,
2016-12-26 14:00:00,,0.046167599815730376,
2016-12-26 15:00:00,,0.04002830376641164,
2016-12-26 16:00:00,,0.03688839957944268,
2016-12-26 17:00:00,,0.03669291901845128,
2016-12-26 18:00:00,,0.0311733170484694,
2016-12-26 19:00:00,,0.027993175293719925,
2016-12-26 20:00:00,,0.024220859501629402,
2016-12-26 21:00:00,,0.02192816870671694,
2016-12-26 22:00:00,,0.01622949733938188,
2016-12-26 23:00:00,,0.009400074548634292,
2016-12-27 00:00:00,,0.041859795307533365,
2016-12-27 01:00:00,,0.002051013025619032,
2016-12-27 02:00:00,,0.002171399415905745,
2016-12-27 03:00:00,,0.007103935857362291,
2016-12-27 04:00:00,,0.020920246196076908,
2016-12-27 05:00:00,,0.05001952457597333,
2016-12-27 06:00:00,,0.07700807885412925,
2016-12-27 07:00:00,,0.12916281927777795,
2016-12-27 08:00:00,,0.11623250893564242,
2016-12-27 09:00:00,,0.10721816107822607,
2016-12-27 10:00:00,,0.06161763251181476,
2016-12-27 11:00:00,,0.05051263732956441,
2016-12-27 12:00:00,,0.04853700862180908,
2016-12-27 13:00:00,,0.04971092124726472,
2016-12-27 14:00:00,,0.04615038577627936,
2016-12-27 15:00:00,,0.040011089726960526,
2016-12-27 16:00:00,,0.036871185539991705,
2016-12-27 17:00:00,,0.03667570497900021,
2016-12-27 18:00:00,,0.031156103009018388,
2016-12-27 19:00:00,,0.027975961254268815,
2016-12-27 20:00:00,,0.024203645462178416,
2016-12-27 21:00:00,,0.02191095466726587,
2016-12-27 22:00:00,,0.016212283299930866,
2016-12-27 23:00:00,,0.009382860509183237,
2016-12-28 00:00:00,,0.04184258126808235,
2016-12-28 01:00:00,,0.002033798986167977,
2016-12-28 02:00:00,,0.002154185376454676,
2016-12-28 03:00:00,,0.007086721817911278,
2016-12-28 04:00:00,,0.02090303215662588,
2016-12-28 05:00:00,,0.05000231053652226,
2016-12-28 06:00:00,,0.07699086481467818,
2016-12-28 07:00:00,,0.12914560523832694,
2016-12-28 08:00:00,,0.11621529489619138,
2016-12-28 09:00:00,,0.107200947038775,
2016-12-28 10:00:00,,0.06160041847236372,
2016-12-28 11:00:00,,0.050495423290113355,
2016-12-28 12:00:00,,0.048519794582358056,
2016-12-28 13:00:00,,0.04969370720781372,
2016-12-28 14:00:00,,0.046133171736828266,
2016-12-28 15:00:00,,0.03999387568750953,
2016-12-28 16:00:00,,0.03685397150054068,
2016-12-28 17:00:00,,0.036658490939549156,
2016-12-28 18:00:00,,0.03113888896956729,
2016-12-28 19:00:00,,0.027958747214817815,
2016-12-28 20:00:00,,0.024186431422727375,
2016-12-28 21:00:00,,0.02189374062781483,
2016-12-28 22:00:00,,0.016195069260479825,
2016-12-28 23:00:00,,0.009365646469732168,
2016-12-29 00:00:00,,0.04182536722863134,
2016-12-29 01:00:00,,0.002016584946716922,
2016-12-29 02:00:00,,0.0021369713370036486,
2016-12-29 03:00:00,,0.007069507778460195,
2016-12-29 04:00:00,,0.020885818117174895,
2016-12-29 05:00:00,,0.04998509649707119,
2016-12-29 06:00:00,,0.07697365077522708,
2016-12-29 07:00:00,,0.12912839119887595,
2016-12-29 08:00:00,,0.11619808085674035,
2016-12-29 09:00:00,,0.10718373299932399,
2016-12-29 10:00:00,,0.06158320443291268,
2016-12-29 11:00:00,,0.050478209250662286,
2016-12-29 12:00:00,,0.048502580542907014,
2016-12-29 13:00:00,,0.04967649316836271,
2016-12-29 14:00:00,,0.04611595769737725,
2016-12-29 15:00:00,,0.039976661648058444,
2016-12-29 16:00:00,,0.03683675746108962,
2016-12-29 17:00:00,,0.036641276900098156,
2016-12-29 18:00:00,,0.031121674930116264,
2016-12-29 19:00:00,,0.02794153317536672,
2016-12-29 20:00:00,,0.024169217383276348,
2016-12-29 21:00:00,,0.021876526588363816,
2016-12-29 22:00:00,,0.01617785522102877,
2016-12-29 23:00:00,,0.0093484324302811,
2016-12-30 00:00:00,,0.04180815318918031,
2016-12-30 01:00:00,,0.0019993709072659085,
2016-12-30 02:00:00,,0.002119757297552566,
2016-12-30 03:00:00,,0.007052293739009126,
2016-12-30 04:00:00,,0.020868604077723882,
2016-12-30 05:00:00,,0.049967882457620176,
2016-12-30 06:00:00,,0.07695643673577604,
2016-12-30 07:00:00,,0.12911117715942488,
2016-12-30 08:00:00,,0.11618086681728935,
2016-12-30 09:00:00,,0.10716651895987295,
2016-12-30 10:00:00,,0.06156599039346164,
2016-12-30 11:00:00,,0.05046099521121123,
2016-12-30 12:00:00,,0.04848536650345596,
2016-12-30 13:00:00,,0.04965927912891167,
2016-12-30 14:00:00,,0.04609874365792621,
2016-12-30 15:00:00,,0.0399594476086074,
2016-12-30 16:00:00,,0.03681954342163857,
2016-12-30 17:00:00,,0.03662406286064713,
2016-12-30 18:00:00,,0.031104460890665223,
2016-12-30 19:00:00,,0.02792431913591572,
2016-12-30 20:00:00,,0.02415200334382525,
2016-12-30 21:00:00,,0.02185931254891279,
2016-12-30 22:00:00,,0.01616064118157773,
2016-12-30 23:00:00,,0.009331218390830072,
2016-12-31 00:00:00,,0.041790939149729256,
2016-12-31 01:00:00,,0.0019821568678148535,
2016-12-31 02:00:00,,0.0021025432581015663,
2016-12-31 03:00:00,,0.007035079699558085,
2016-12-31 04:00:00,,0.020851390038272813,
2016-12-31 05:00:00,,0.04995066841816911,
2016-12-31 06:00:00,,0.07693922269632501,
2016-12-31 07:00:00,,0.12909396311997384,
2016-12-31 08:00:00,,0.11616365277783831,
2016-12-31 09:00:00,,0.1071493049204219,
2016-12-31 10:00:00,,0.0615487763540106,
2016-12-31 11:00:00,,0.0504437811717602,
2016-12-31 12:00:00,,0.04846815246400496,
2016-12-31 13:00:00,,0.04964206508946057,
2016-12-31 14:00:00,,0.04608152961847521,
2016-12-31 15:00:00,,0.039942233569156306,
2016-12-31 16:00:00,,0.03680232938218761,
2016-12-31 17:00:00,,0.03660684882119606,
2016-12-31 18:00:00,,0.031087246851214168,
2016-12-31 19:00:00,,0.027907105096464664,
2016-12-31 20:00:00,,0.024134789304374238,
2016-12-31 21:00:00,,0.02184209850946172,
2016-12-31 22:00:00,,0.016143427142126715,
2016-12-31 23:00:00,,0.009314004351379017,
