DateTime,UCM,lower,upper,ARIMA,ML
2016-12-01 00:00:00,0.04499371622180763,-2002.0735773689014,2002.163564801345,,
2016-12-01 01:00:00,0.0027129473592334436,-0.07860852698792528,0.08403442170639217,,
2016-12-01 02:00:00,0.003225679633161402,-0.10214931843814673,0.10860067770446954,,
2016-12-01 03:00:00,0.008839240657106706,-0.11975386881780059,0.137432350132014,,
2016-12-01 04:00:00,0.02479245422143769,-0.1267398213140218,0.1763247297568972,,
2016-12-01 05:00:00,0.05450399957791242,-0.1198914256035103,0.2288994247593351,,
2016-12-01 06:00:00,0.07927448253381543,-0.11795734913361179,0.27650631420124266,,
2016-12-01 07:00:00,0.13086874660412792,-0.08914433408392688,0.35088182729218276,,
2016-12-01 08:00:00,0.11980350162867175,-0.122864023987367,0.3624710272447105,,
2016-12-01 09:00:00,0.11274988231102032,-0.15234854282954732,0.37784830745158793,,
2016-12-01 10:00:00,0.06732479635317014,-0.21986990767592784,0.3545195003822681,,
2016-12-01 11:00:00,0.0544457268790278,-0.25439195930633,0.36328341306438566,,
2016-12-01 12:00:00,0.053158653770033426,-0.27674773477452563,0.3830650423145925,,
2016-12-01 13:00:00,0.05480683033701088,-0.2954743861695045,0.4050880468435263,,
2016-12-01 14:00:00,0.05122628309639933,-0.3186207592041245,0.42107332539692316,,
2016-12-01 15:00:00,0.04562877808189747,-0.34286713714645184,0.4341246933102468,,
2016-12-01 16:00:00,0.042583827539957146,-0.3635455090682242,0.4487131641481385,,
2016-12-01 17:00:00,0.041806693948908784,-0.3808535049977046,0.4644668928955222,,
2016-12-01 18:00:00,0.036772908656130095,-0.4012416132683838,0.474787430580644,,
2016-12-01 19:00:00,0.03385326336492604,-0.4182796409673057,0.4859861676971578,,
2016-12-01 20:00:00,0.029942282721877586,-0.4350294405551753,0.4949140059989305,,
2016-12-01 21:00:00,0.027374270207566737,-0.44912974984882637,0.5038782902639598,,
2016-12-01 22:00:00,0.02140276886895141,-0.4653155848278254,0.5081211225657283,,
2016-12-01 23:00:00,0.014069489214968377,-0.4814671348904499,0.5096061133203866,,
2016-12-02 00:00:00,0.04868661671718329,-2002.0699469784556,2002.1673202118898,,
2016-12-02 01:00:00,0.005823643947637629,-0.5038463446803332,0.5154936325756085,,
2016-12-02 02:00:00,0.005700383017396201,-0.5092292757829877,0.52063004181778,,
2016-12-02 03:00:00,0.010630303106934594,-0.5084735779844131,0.5297341841982822,,
2016-12-02 04:00:00,0.025858690084331414,-0.4964356579978142,0.548153038166477,,
2016-12-02 05:00:00,0.054810933451621344,-0.4698053034017676,0.5794271703050103,,
2016-12-02 06:00:00,0.07879452399879994,-0.44740201773295907,0.6049910657305589,,
2016-12-02 07:00:00,0.12958129127975926,-0.3975907087891931,0.6567532913487116,,
2016-12-02 08:00:00,0.11769495917421949,-0.4099912188143181,0.645381137162757,,
2016-12-02 09:00:00,0.10981363283046651,-0.4180724133490271,0.6376996790099602,,
2016-12-02 10:00:00,0.06356107747169669,-0.46435704215526985,0.5914791970986633,,
2016-12-02 11:00:00,0.04986145452897737,-0.4780627156049857,0.5777856246629405,,
2016-12-02 12:00:00,0.047767180446110016,-0.4802698721920629,0.575804233084283,,
2016-12-02 13:00:00,0.04862764524602926,-0.4797487857977065,0.577004076289765,,
2016-12-02 14:00:00,0.04428465922830537,-0.4847602285643634,0.5733295470209742,,
2016-12-02 15:00:00,0.03795537175923453,-0.4921693216725344,0.5680800651910035,,
2016-12-02 16:00:00,0.0342142364565437,-0.49746112426166517,0.5658895971747526,,
2016-12-02 17:00:00,0.03278098008032372,-0.5009512405936819,0.5665132007543293,,
2016-12-02 18:00:00,0.027135092710843318,-0.5091710988178549,0.5634412842395417,,
2016-12-02 19:00:00,0.0236507976428451,-0.515733908768499,0.5630355040541891,,
2016-12-02 20:00:00,0.019225509355108965,-0.5237082851599068,0.5621593038701246,,
2016-12-02 21:00:00,0.016195871775887313,-0.5307053959125778,0.5630971394643525,,
2016-12-02 22:00:00,0.0098172183105584,-0.541404654001669,0.5610390906227858,,
2016-12-02 23:00:00,0.002132505793386071,-0.5537493596039499,0.5580143711907221,,
2016-12-03 00:00:00,0.03645463456070639,-2002.0821941423455,2002.1551034114668,,
2016-12-03 01:00:00,-0.006646700647582173,-0.5721132651794604,0.5588198638842959,,
2016-12-03 02:00:00,-0.006951973695734703,-0.5772821934956434,0.5633782461041739,,
2016-12-03 03:00:00,-0.002148459648713526,-0.5772762332126652,0.572979313915238,,
2016-12-03 04:00:00,0.01300795950469522,-0.5667686117795105,0.592784530788901,,
2016-12-03 05:00:00,0.04194112065356125,-0.542266490270532,0.6261487315776545,,
2016-12-03 06:00:00,0.06595661963475144,-0.5224070377271482,0.6543202769966511,,
2016-12-03 07:00:00,0.11682409401119923,-0.4753755139921999,0.7090237020145983,,
2016-12-03 08:00:00,0.10506482611945044,-0.49061789466193073,0.7007475469008316,,
2016-12-03 09:00:00,0.09735427895888188,-0.5014382776072799,0.6961468355250435,,
2016-12-03 10:00:00,0.051313424673486034,-0.5502071046629887,0.6528339540099607,,
2016-12-03 11:00:00,0.0378635303577073,-0.566005460875848,0.6417325215912626,,
2016-12-03 12:00:00,0.036054065810293634,-0.5697961378137393,0.6419042694343267,,
2016-12-03 13:00:00,0.03723146962430286,-0.5702534334781577,0.6447163727267635,,
2016-12-03 14:00:00,0.03323464131050171,-0.5755660668331457,0.6420353494541491,,
2016-12-03 15:00:00,0.02727790278135689,-0.5825525655280029,0.6371083710907167,,
2016-12-03 16:00:00,0.023933002909771173,-0.5866775035876027,0.6345435094071451,,
2016-12-03 17:00:00,0.022917121940407483,-0.5882617538122428,0.6340959976930578,,
2016-12-03 18:00:00,0.017707392861541698,-0.5938663376732504,0.6292811233963337,,
2016-12-03 19:00:00,0.014675897761508327,-0.5971559130737528,0.6265077085967695,,
2016-12-03 20:00:00,0.0107181471953592,-0.6012690153023069,0.6227053096930254,,
2016-12-03 21:00:00,0.008169134525764904,-0.6039010244349188,0.6202392934864487,,
2016-12-03 22:00:00,0.002282806527703402,-0.6098241480009141,0.6143897610563209,,
2016-12-03 23:00:00,-0.004898997676101097,-0.617021991661321,0.6072239963091187,,
2016-12-04 00:00:00,0.029935772836299803,-2002.088728120859,2002.1485996665317,,
2016-12-04 01:00:00,-0.012643774468784117,-0.6247677556077497,0.5994802066701815,,
2016-12-04 02:00:00,-0.012418450127079234,-0.624549077342713,0.5997121770885546,,
2016-12-04 03:00:00,-0.007075631962341792,-0.6192243703023128,0.6050731063776291,,
2016-12-04 04:00:00,0.008628907657795051,-0.6035467552089495,0.6208045705245395,,
2016-12-04 05:00:00,0.03811930162644771,-0.5740889211530028,0.6503275244058982,,
2016-12-04 06:00:00,0.06270159815118136,-0.5495407328013249,0.6749439291036876,,
2016-12-04 07:00:00,0.11414601000191049,-0.49812773411950384,0.7264197541233248,,
2016-12-04 08:00:00,0.1029744810719078,-0.5093243903415924,0.7152733524854079,,
2016-12-04 09:00:00,0.09586318342741373,-0.5164523630692467,0.7081787299240742,,
2016-12-04 10:00:00,0.05043380523661596,-0.5618898291344562,0.6627574396076882,,
2016-12-04 11:00:00,0.03760829497726909,-0.5747170320135045,0.6499336219680428,,
2016-12-04 12:00:00,0.036436727233362165,-0.5758886847443037,0.6487621392110281,,
2016-12-04 13:00:00,0.0382660271645514,-0.5740651359012079,0.6505971902303107,,
2016-12-04 14:00:00,0.03493542204065651,-0.577416618452683,0.6472874625339959,,
2016-12-04 15:00:00,0.029659363853275073,-0.582739902230912,0.6420586299374621,,
2016-12-04 16:00:00,0.027009497383774478,-0.58547568910887,0.639494683876419,,
2016-12-04 17:00:00,0.02670263114151376,-0.5859198900500902,0.6393251523331176,,
2016-12-04 18:00:00,0.022215228878210286,-0.5906083428398339,0.6350388005962544,,
2016-12-04 19:00:00,0.019918380253944285,-0.5931810270941598,0.6330177876020484,,
2016-12-04 20:00:00,0.016706259177431897,-0.5967528819078797,0.6301654002627434,,
2016-12-04 21:00:00,0.014912162219972899,-0.598997239877041,0.6288215643169869,,
2016-12-04 22:00:00,0.009787968759962788,-0.6046665151958919,0.6242424527158175,,
2016-12-04 23:00:00,0.0033730752187064008,-0.6117451376875926,0.6184912881250055,,
2016-12-05 00:00:00,0.038976715788452555,-2002.0796883005432,2002.1576417321203,,
2016-12-05 01:00:00,-0.0028351854358137137,-0.6194643680731508,0.6137939972015233,,
2016-12-05 02:00:00,-0.001846975456313924,-0.6193450089510778,0.6156510580384499,,
2016-12-05 03:00:00,0.004250098011867743,-0.6141762647449148,0.6226764607686502,,
2016-12-05 04:00:00,0.020696084957343985,-0.598698245806695,0.6400904157213829,,
2016-12-05 05:00:00,0.05091066434466079,-0.5694720207359941,0.6712933494253156,,
2016-12-05 06:00:00,0.07619519114086531,-0.5451766895472892,0.6975670718290199,,
2016-12-05 07:00:00,0.12831498767157756,-0.49402757495880023,0.7506575503019554,,
2016-12-05 08:00:00,0.11778695697965125,-0.5054893018272497,0.7410632157865522,,
2016-12-05 09:00:00,0.11128213084537024,-0.512874044403182,0.7354383060939224,,
2016-12-05 10:00:00,0.06641701227779871,-0.5585508845652626,0.69138490912086,,
2016-12-05 11:00:00,0.054108377237778144,-0.5715915052350353,0.6798082597105917,,
2016-12-05 12:00:00,0.05340120021436132,-0.5729427728817528,0.6797451733104755,,
2016-12-05 13:00:00,0.05563744000841733,-0.571258154249017,0.6825330342658517,,
2016-12-05 14:00:00,0.05265155335342856,-0.574702235666741,0.680005342373598,,
2016-12-05 15:00:00,0.047653479600503555,-0.5800676546420731,0.6753746138430803,,
2016-12-05 16:00:00,0.04521067004899678,-0.5827927569338005,0.6732140970317941,,
2016-12-05 17:00:00,0.04503611853600635,-0.5831731081380015,0.6732453452100141,,
2016-12-05 18:00:00,0.04060291019762563,-0.5877463643304431,0.6689521847256944,,
2016-12-05 19:00:00,0.03827924620215553,-0.590156569956924,0.666715062361235,,
2016-12-05 20:00:00,0.03495695223044376,-0.5935249404714886,0.663438844932376,,
2016-12-05 21:00:00,0.03296756239289369,-0.5955330781308533,0.6614682029166407,,
2016-12-05 22:00:00,0.02756181957714322,-0.6009429595830189,0.6560665987373053,,
2016-12-05 23:00:00,0.020778643980083722,-0.6077280907956337,0.6492853787558013,,
2016-12-06 00:00:00,0.055927481682091246,-2002.062741491057,2002.1745964544214,,
2016-12-06 01:00:00,0.013575177703438515,-0.6149562598139675,0.6421066152208446,,
2016-12-06 02:00:00,0.013939028613910434,-0.6146258483443209,0.6425039055721417,,
2016-12-06 03:00:00,0.0193301589019181,-0.6092888047638467,0.647949122567683,,
2016-12-06 04:00:00,0.03499171752974414,-0.5936999181411883,0.6636833532006766,,
2016-12-06 05:00:00,0.0643471993691011,-0.5644327213769524,0.6931271201151545,,
2016-12-06 06:00:00,0.08870247438087844,-0.5401769011253278,0.7175818498870846,,
2016-12-06 07:00:00,0.13982805317528096,-0.4891563609111736,0.7688124672617356,,
2016-12-06 08:00:00,0.12824666678243196,-0.5008421732685315,0.7573355068333953,,
2016-12-06 09:00:00,0.12063577354427713,-0.5085507643683544,0.7498223114569087,,
2016-12-06 10:00:00,0.07461885328198284,-0.55465328219455,0.7038909887585156,,
2016-12-06 11:00:00,0.06112015393320346,-0.5682213708965496,0.6904616787629565,,
2016-12-06 12:00:00,0.05919255579969595,-0.5701999010485514,0.6885850126479434,,
2016-12-06 13:00:00,0.06018629035695725,-0.5692385695459113,0.6896111502598258,,
2016-12-06 14:00:00,0.055944381926526635,-0.5734966336518179,0.6853853975048712,,
2016-12-06 15:00:00,0.04968555617380315,-0.5797600613213315,0.6791311736689377,,
2016-12-06 16:00:00,0.045986189805461694,-0.5834593891130742,0.6754317687239975,,
2016-12-06 17:00:00,0.04456825892025673,-0.5848814112711995,0.674017929111713,,
2016-12-06 18:00:00,0.038913803804727164,-0.5905541818497977,0.6683817894592521,,
2016-12-06 19:00:00,0.03539986888058768,-0.5941114114239583,0.6649111491851336,,
2016-12-06 20:00:00,0.030926926502896152,-0.5986633126810715,0.6605171656868639,,
2016-12-06 21:00:00,0.02783487722897224,-0.6018798870765462,0.6575496415344907,,
2016-12-06 22:00:00,0.02138246847803933,-0.6085112166624423,0.6512761536185211,,
2016-12-06 23:00:00,0.013616184245811902,-0.6165315126988791,0.6437638811905029,,
2016-12-07 00:00:00,0.0478525186162122,-2002.0708170481773,2002.16652208541,,
2016-12-07 01:00:00,0.004664778357714024,-0.6261258121897434,0.6354553689051715,,
2016-12-07 02:00:00,0.004276070475937974,-0.626921555357264,0.6354736963091399,,
2016-12-07 03:00:00,0.009002619672862153,-0.6226509748478676,0.640656214193592,,
2016-12-07 04:00:00,0.02409191281784182,-0.6080516659020482,0.6562354915377319,,
2016-12-07 05:00:00,0.05297097572947117,-0.579680356821959,0.6856223082809013,,
2016-12-07 06:00:00,0.07694836565595145,-0.5562105798615118,0.7101073111734146,,
2016-12-07 07:00:00,0.12779640852649385,-0.5058512005172566,0.7614440175702444,,
2016-12-07 08:00:00,0.11603875914732127,-0.5180600227507116,0.7501375410453542,,
2016-12-07 09:00:00,0.1083528974994894,-0.5261427593999223,0.7428485543989011,,
2016-12-07 10:00:00,0.06236142143886794,-0.5724632908440475,0.6971861337217833,,
2016-12-07 11:00:00,0.048986801036635344,-0.5860904080749225,0.6840640101481932,,
2016-12-07 12:00:00,0.047279259641848995,-0.5879715380340702,0.6825300573177682,,
2016-12-07 13:00:00,0.04858551845646293,-0.5867653353529069,0.6839363722658328,,
2016-12-07 14:00:00,0.04474427266145777,-0.5906473532263786,0.6801358985492941,,
2016-12-07 15:00:00,0.038969142697210746,-0.5964280001415673,0.6743662855359888,,
2016-12-07 16:00:00,0.0358306746188011,-0.5995710260052555,0.6712323752428576,,
2016-12-07 17:00:00,0.03504434643818964,-0.6004055803559561,0.6704942732323355,,
2016-12-07 18:00:00,0.030085097620728276,-0.6055112376828535,0.6656814329243101,,
2016-12-07 19:00:00,0.02732233974375203,-0.6085820060402493,0.6632266855277532,,
2016-12-07 20:00:00,0.023648456250454652,-0.6127962690279847,0.660093181528894,,
2016-12-07 21:00:00,0.021394883095199255,-0.6158985371190435,0.658688303309442,,
2016-12-07 22:00:00,0.015811611328068943,-0.6227167438466398,0.6543399665027777,,
2016-12-07 23:00:00,0.00893616337254103,-0.6312582390508277,0.6491305657959097,,
2016-12-08 00:00:00,0.04407595480056367,-2002.0745974646704,2002.1627493742715,,
2016-12-08 01:00:00,0.0017951859379892357,-0.6435288413997087,0.6471192132756871,,
2016-12-08 02:00:00,0.0023079182119173764,-0.6465378259621317,0.6511536623859664,,
2016-12-08 03:00:00,0.007921479235862759,-0.6451532234149777,0.6609961818867032,,
2016-12-08 04:00:00,0.02387469280019366,-0.6341619912179949,0.6819113768183821,,
2016-12-08 05:00:00,0.053586238156668284,-0.6101531673413633,0.7173256436546999,,
2016-12-08 06:00:00,0.07835672111257129,-0.5918136866312093,0.7485271288563519,,
2016-12-08 07:00:00,0.129950985182884,-0.5473457146175986,0.8072476849833667,,
2016-12-08 08:00:00,0.11888574020742763,-0.566179602241741,0.8039510826565962,,
2016-12-08 09:00:00,0.11183212088977632,-0.5815728216399662,0.8052370634195188,,
2016-12-08 10:00:00,0.06640703493192608,-0.635820847944472,0.7686349178083243,,
2016-12-08 11:00:00,0.05352796545778375,-0.6579050712483379,0.7649610021639053,,
2016-12-08 12:00:00,0.05224089234878946,-0.668668209699466,0.773149994397045,,
2016-12-08 13:00:00,0.05388906891576676,-0.6766489518553737,0.7844270896869071,,
2016-12-08 14:00:00,0.050308521675155315,-0.6898899870521841,0.7905070304024947,,
2016-12-08 15:00:00,0.044711016660653476,-0.705058563305699,0.794480596627006,,
2016-12-08 16:00:00,0.04166606611871309,-0.7174677702158566,0.8007999024532827,,
2016-12-08 17:00:00,0.04088893252766474,-0.7272915638502073,0.8090694289055369,,
2016-12-08 18:00:00,0.035855147234885996,-0.7409529099886759,0.812663204458448,,
2016-12-08 19:00:00,0.032935501943682124,-0.7519910975398505,0.8178621014272147,,
2016-12-08 20:00:00,0.029024521300633554,-0.7634351368198701,0.8214841794211373,,
2016-12-08 21:00:00,0.02645650878632265,-0.7728891011507006,0.825802118723346,,
2016-12-08 22:00:00,0.020485007447707284,-0.7850525831340677,0.8260225980294823,,
2016-12-08 23:00:00,0.013151727793724447,-0.7978014780195908,0.8241049336070396,,
2016-12-09 00:00:00,0.04776885529593938,-2002.0709676750885,2002.1665053856805,,
2016-12-09 01:00:00,0.004905882526393466,-0.81486222206094,0.8246739871137269,,
2016-12-09 02:00:00,0.004782621596152157,-0.818310376900817,0.8278756200931213,,
2016-12-09 03:00:00,0.009712541685690655,-0.8160379344966053,0.8354630178679867,,
2016-12-09 04:00:00,0.02494092866308745,-0.8028536494387264,0.8527355067649014,,
2016-12-09 05:00:00,0.05389317203037726,-0.7753980100095781,0.8831843540703326,,
2016-12-09 06:00:00,0.07787676257755584,-0.752439543181954,0.9081930683370657,,
2016-12-09 07:00:00,0.12866352985851526,-0.7022905923274855,0.959617652044516,,
2016-12-09 08:00:00,0.11677719775297546,-0.7145172771167303,0.9480716726226812,,
2016-12-09 09:00:00,0.10889587140922252,-0.7225343120584987,0.9403260548769438,,
2016-12-09 10:00:00,0.06264331605045266,-0.7688108734004548,0.8940975055013602,,
2016-12-09 11:00:00,0.04894369310773334,-0.7825128902939352,0.880400276509402,,
2016-12-09 12:00:00,0.04684941902486607,-0.7846724419539965,0.8783712800037287,,
2016-12-09 13:00:00,0.04770988382478525,-0.7840163549608796,0.8794361226104501,,
2016-12-09 14:00:00,0.043366897807061384,-0.7887684211348858,0.8755022167490085,,
2016-12-09 15:00:00,0.037037610337990516,-0.7957646013644628,0.8698398220404437,,
2016-12-09 16:00:00,0.03329647503529971,-0.8004696469912094,0.8670625970618089,,
2016-12-09 17:00:00,0.03186321865907976,-0.8031883254504328,0.8669147627685923,,
2016-12-09 18:00:00,0.02621733128959929,-0.8104507268864048,0.8628853894656033,,
2016-12-09 19:00:00,0.02273303622160117,-0.8158777495966956,0.8613438220398979,,
2016-12-09 20:00:00,0.01830774793386504,-0.82255370405348,0.8591691999212101,,
2016-12-09 21:00:00,0.015278110354643323,-0.8281119582872698,0.8586681789965565,,
2016-12-09 22:00:00,0.008899456889314313,-0.8372584447363315,0.85505735851496,,
2016-12-09 23:00:00,0.001214744372142157,-0.8479443040019601,0.8503737927462445,,
2016-12-10 00:00:00,0.03553687313946258,-2002.0832147936874,2002.1542885399665,,
2016-12-10 01:00:00,-0.007564462068826182,-0.8629437784565326,0.8478148543188802,,
2016-12-10 02:00:00,-0.0078697351169787,-0.8664292542553829,0.8506897840214254,,
2016-12-10 03:00:00,-0.003066221069957408,-0.8647775868519033,0.8586451447119886,,
2016-12-10 04:00:00,0.012090198083451355,-0.8526888920122839,0.8768692881791866,,
2016-12-10 05:00:00,0.04102335923231731,-0.8266917243082912,0.9087384427729257,,
2016-12-10 06:00:00,0.06503885821350744,-0.8054401203783733,0.9355178368053881,,
2016-12-10 07:00:00,0.11590633258995534,-0.757131846390695,0.9889445115706056,,
2016-12-10 08:00:00,0.1041470646982065,-0.7712211817480128,0.9795153111444259,,
2016-12-10 09:00:00,0.09643651753763803,-0.7810165697436982,0.9738896048189742,,
2016-12-10 10:00:00,0.0503956632522421,-0.8288891447093555,0.9296804712138397,,
2016-12-10 11:00:00,0.03694576893646336,-0.8439174465954346,0.9178089844683613,,
2016-12-10 12:00:00,0.03513630438904975,-0.8470588882112329,0.9173314969893325,,
2016-12-10 13:00:00,0.03631370820305903,-0.8469800306752127,0.9196074470813307,,
2016-12-10 14:00:00,0.03231687988925782,-0.8518599998551152,0.9164937596336308,,
2016-12-10 15:00:00,0.026360141360112978,-0.8585063660941971,0.9112266488144231,,
2016-12-10 16:00:00,0.023015241488527263,-0.8623718735406365,0.9084023565176911,,
2016-12-10 17:00:00,0.021999360519163604,-0.8637652060016899,0.9077639270400172,,
2016-12-10 18:00:00,0.016789631440297874,-0.8692352651945822,0.9028145280751779,,
2016-12-10 19:00:00,0.013758136340264435,-0.8724351080828483,0.8999513807633772,,
2016-12-10 20:00:00,0.009800385774115301,-0.8764925437562808,0.8960933153045115,,
2016-12-10 21:00:00,0.00725137310452109,-0.8790933644428184,0.8935961106518605,,
2016-12-10 22:00:00,0.0013650451064594498,-0.885001487813227,0.8877315780261458,,
2016-12-10 23:00:00,-0.005816759097344939,-0.8921921092624755,0.8805585910677857,,
2016-12-11 00:00:00,0.029018011415055972,-2002.0897485154323,2002.1477845382624,,
2016-12-11 01:00:00,-0.013561535890027957,-0.8999383400444522,0.8728152682643963,,
2016-12-11 02:00:00,-0.013336211548323146,-0.8997196849122918,0.8730472618156456,,
2016-12-11 03:00:00,-0.007993393383585623,-0.8943921666365593,0.878405379869388,,
2016-12-11 04:00:00,0.007711146236551135,-0.8787095667166702,0.8941318591897724,,
2016-12-11 05:00:00,0.03720154020520389,-0.8492453298495688,0.9236484102599767,,
2016-12-11 06:00:00,0.06178383672993744,-0.8246903446050458,0.9482580180649207,,
2016-12-11 07:00:00,0.11322824858066657,-0.7732712427373292,0.9997277398986624,,
2016-12-11 08:00:00,0.10205671965066386,-0.7844633729848653,0.9885768122861931,,
2016-12-11 09:00:00,0.09494542200616993,-0.7915888609585165,0.9814797049708565,,
2016-12-11 10:00:00,0.049516043815372036,-0.8370257302980687,0.9360578179288127,,
2016-12-11 11:00:00,0.036690533556025196,-0.8498533709989042,0.9232344381109547,,
2016-12-11 12:00:00,0.03551896581211818,-0.8510248630160797,0.9220627946403162,,
2016-12-11 13:00:00,0.03734826574330767,-0.8491981696603655,0.9238947011469808,,
2016-12-11 14:00:00,0.03401766061941255,-0.8525404877171644,0.9205758089559896,,
2016-12-11 15:00:00,0.028741602432031187,-0.8578450351198853,0.9153282399839476,,
2016-12-11 16:00:00,0.026091735962530463,-0.8605486340247666,0.9127321059498275,,
2016-12-11 17:00:00,0.02578486972026987,-0.8609432444901622,0.9125129839307019,,
2016-12-11 18:00:00,0.021297467456966396,-0.8655609019054891,0.9081558368194218,,
2016-12-11 19:00:00,0.019000618832700322,-0.8680382126989712,0.9060394503643718,,
2016-12-11 20:00:00,0.015788497756187896,-0.8714873884302936,0.9030643839426693,,
2016-12-11 21:00:00,0.01399440079872902,-0.8735798348245859,0.901568636422044,,
2016-12-11 22:00:00,0.008870207338718789,-0.8790667978614499,0.8968072125388875,,
2016-12-11 23:00:00,0.002455313797462432,-0.8859252430524922,0.8908358706474171,,
2016-12-12 00:00:00,0.038058954367208575,-2002.0807086586879,2002.1568265674223,,
2016-12-12 01:00:00,-0.003752946857057605,-0.8931466084203558,0.8856407147062405,,
2016-12-12 02:00:00,-0.0027647368775579454,-0.8927429235266849,0.887213449771569,,
2016-12-12 03:00:00,0.003332336590623799,-0.8872714609501658,0.8939361341314135,,
2016-12-12 04:00:00,0.019778323536099828,-0.8714787427029188,0.9110353897751186,,
2016-12-12 05:00:00,0.04999290292341692,-0.8419319708440091,0.941917776690843,,
2016-12-12 06:00:00,0.07527742971962136,-0.8173164072855147,0.9678712667247574,,
2016-12-12 07:00:00,0.12739722625033356,-0.7658534405500522,1.0206478930507195,,
2016-12-12 08:00:00,0.11686919555840714,-0.7770134390316418,1.0107518301484562,,
2016-12-12 09:00:00,0.11036436942412636,-0.7841137749745428,1.0048425138227957,,
2016-12-12 10:00:00,0.06549925085655461,-0.8295279676519187,0.960526469365028,,
2016-12-12 11:00:00,0.05319061581653418,-0.8423312409448416,0.9487124725779099,,
2016-12-12 12:00:00,0.05248343879311712,-0.8434729662990056,0.9484398438852398,,
2016-12-12 13:00:00,0.054719678587173526,-0.8416080171797304,0.9510473743540775,,
2016-12-12 14:00:00,0.051733791932184435,-0.8449012938098387,0.9483688776742075,,
2016-12-12 15:00:00,0.046735718179259575,-0.8501446855119706,0.9436161218704898,,
2016-12-12 16:00:00,0.04429290862775261,-0.8527748130869743,0.9413606303424795,,
2016-12-12 17:00:00,0.04411835711476234,-0.8530846973134939,0.9413214115430185,,
2016-12-12 18:00:00,0.03968514877638161,-0.8576087729011119,0.9369790704538752,,
2016-12-12 19:00:00,0.037361484780911496,-0.8599874156803992,0.9347103852422222,,
2016-12-12 20:00:00,0.03403919080919964,-0.8633379091644413,0.9314162907828405,,
2016-12-12 21:00:00,0.0320498009716497,-0.8653378826794773,0.9294374846227766,,
2016-12-12 22:00:00,0.026644058155899097,-0.8707454264655811,0.9240335427773793,,
2016-12-12 23:00:00,0.019860882558839676,-0.8775299099585406,0.91725167507622,,
2016-12-13 00:00:00,0.05500972026084714,-2002.0637617173977,2002.1737811579194,,
2016-12-13 01:00:00,0.012657416282194548,-0.8847552943318675,0.9100701268962565,,
2016-12-13 02:00:00,0.013021267192666316,-0.8844187958608921,0.9104613302462247,,
2016-12-13 03:00:00,0.018412397480674116,-0.8790702698006955,0.9158950647620437,,
2016-12-13 04:00:00,0.03407395610849987,-0.8634650367241988,0.9316129489411985,,
2016-12-13 05:00:00,0.06342943794785723,-0.8341773632577875,0.961036239153502,,
2016-12-13 06:00:00,0.08778471295963439,-0.8098980831012235,0.9854675090204923,,
2016-12-13 07:00:00,0.13891029175403677,-0.7588525903334141,1.0366731738414876,,
2016-12-13 08:00:00,0.12732890536118777,-0.770513619053847,1.0251714297762224,,
2016-12-13 09:00:00,0.11971801212303318,-0.7781992385100547,1.0176352627561212,,
2016-12-13 10:00:00,0.07370109186073864,-0.8242820160637023,0.9716841997851797,,
2016-12-13 11:00:00,0.06020239251195943,-0.837834644818926,0.9582394298428449,,
2016-12-13 12:00:00,0.05827479437845178,-0.8398025002631291,0.9563520890200325,,
2016-12-13 13:00:00,0.059268528935713403,-0.8388351413408501,0.957372199212277,,
2016-12-13 14:00:00,0.05502662050528246,-0.8430910016626774,0.9531442426732424,,
2016-12-13 15:00:00,0.04876779475255908,-0.8493545244463127,0.9468901139514309,,
2016-12-13 16:00:00,0.04506842838421756,-0.8530540706477295,0.9431909274161646,,
2016-12-13 17:00:00,0.04365049749901268,-0.8544737389864829,0.9417747339845084,,
2016-12-13 18:00:00,0.03799604238348311,-0.8601385007811121,0.9361305855480783,,
2016-12-13 19:00:00,0.034482107459343575,-0.8636788256219922,0.9326430405406793,,
2016-12-13 20:00:00,0.03000916508165207,-0.8682017252249264,0.9282200553882306,,
2016-12-13 21:00:00,0.02691711580772824,-0.8713742716121629,0.9252085032276194,,
2016-12-13 22:00:00,0.02046470705679521,-0.8779439530092695,0.91887336712286,,
2016-12-13 23:00:00,0.01269842282456775,-0.8858785636727808,0.9112754093219164,,
2016-12-14 00:00:00,0.046934757194968146,-2002.0718372852773,2002.1657067996673,,
2016-12-14 01:00:00,0.0037470169364700132,-0.8952590013114274,0.9027530351843676,,
2016-12-14 02:00:00,0.003358309054693824,-0.8959210120911778,0.9026376302005654,,
2016-12-14 03:00:00,0.008084858251618199,-0.891501448439128,0.9076711649423644,,
2016-12-14 04:00:00,0.02317415139659757,-0.8767426688344272,0.9230909716276224,,
2016-12-14 05:00:00,0.05205321430822726,-0.8482065040510388,0.9523129326674934,,
2016-12-14 06:00:00,0.07603060423470742,-0.824572064188124,0.9766332726575389,,
2016-12-14 07:00:00,0.12687864710524968,-0.7740540602328722,1.0278113544433716,,
2016-12-14 08:00:00,0.11512099772607712,-0.7861160456738095,1.0163580411259638,,
2016-12-14 09:00:00,0.10743513607824542,-0.7940689655011027,1.0089392376575936,,
2016-12-14 10:00:00,0.06144366001762377,-0.8402809507465503,0.9631682707817979,,
2016-12-14 11:00:00,0.04806903961539135,-0.8538236280815047,0.9499617073122874,,
2016-12-14 12:00:00,0.04636149822060483,-0.8556453773004662,0.9483683737416759,,
2016-12-14 13:00:00,0.04766775703521906,-0.854403522621024,0.9497390366914622,,
2016-12-14 14:00:00,0.043826511240213625,-0.8582696660077354,0.9459226884881626,,
2016-12-14 15:00:00,0.03805138127596667,-0.8640473764672204,0.9401501390191537,,
2016-12-14 16:00:00,0.034912913197556954,-0.867190507690581,0.937016334085695,,
2016-12-14 17:00:00,0.034126585016945626,-0.8680152542652958,0.9362684242991871,,
2016-12-14 18:00:00,0.02916733619948424,-0.8730852833858481,0.9314199557848165,,
2016-12-14 19:00:00,0.02640457832250793,-0.8760760800105386,0.9288852366555546,,
2016-12-14 20:00:00,0.022730694829210585,-0.8801453712872236,0.9256067609456449,,
2016-12-14 21:00:00,0.02047712167395528,-0.8830156137178699,0.9239698570657805,,
2016-12-14 22:00:00,0.014893849906824831,-0.88949232326485,0.9192800230784997,,
2016-12-14 23:00:00,0.008018401951296893,-0.8975701869765693,0.9136069908791631,,
2016-12-15 00:00:00,0.04315819337931963,-2002.075617691751,2002.1619340785094,,
2016-12-15 01:00:00,0.0008774245167453249,-0.9084076445628597,0.9101624935963504,,
2016-12-15 02:00:00,0.0013901567906731888,-0.910434672470388,0.9132149860517345,,
2016-12-15 03:00:00,0.0070037178146188225,-0.9078756480277226,0.9218830836569603,,
2016-12-15 04:00:00,0.022956931378949472,-0.8955147997023458,0.9414286624602448,,
2016-12-15 05:00:00,0.0526684767354244,-0.8699444024841672,0.975281355955016,,
2016-12-15 06:00:00,0.07743895969132732,-0.8498609592230968,1.0047388786057514,,
2016-12-15 07:00:00,0.12903322376163984,-0.8034822777744586,1.0615487252977382,,
2016-12-15 08:00:00,0.1179679787861835,-0.8202597595454543,1.0561957171178213,,
2016-12-15 09:00:00,0.1109143594685324,-0.833476406008874,1.0553051249459389,,
2016-12-15 10:00:00,0.06548927351068196,-0.885456549573062,1.016435096594426,,
2016-12-15 11:00:00,0.05261020403653983,-0.9052125690294446,1.0104329771025242,,
2016-12-15 12:00:00,0.051323130927545334,-0.9136190351274447,1.0162652969825354,,
2016-12-15 13:00:00,0.05297130749452287,-0.9192462119500135,1.0251888269390592,,
2016-12-15 14:00:00,0.04939076025391119,-0.9301670785775822,1.0289485990854046,,
2016-12-15 15:00:00,0.04379325523940951,-0.9430770462823631,1.0306635567611822,,
2016-12-15 16:00:00,0.04074830469746899,-0.9533145911343157,1.0348112005292538,,
2016-12-15 17:00:00,0.03997117110642076,-0.9610758378072568,1.0410181800200984,,
2016-12-15 18:00:00,0.034937385813642044,-0.9728024085509052,1.0426771801781893,,
2016-12-15 19:00:00,0.032017740522438005,-0.9820486116904936,1.0460840927353696,,
2016-12-15 20:00:00,0.028106759879389515,-0.9918548093678056,1.0480683291265847,,
2016-12-15 21:00:00,0.025538747365078697,-0.9998328484874094,1.0509103432175668,,
2016-12-15 22:00:00,0.01956724602646325,-1.0106868664954987,1.0498213585484253,,
2016-12-15 23:00:00,0.012233966372480334,-1.0223049766216117,1.0467729093665725,,
2016-12-16 00:00:00,0.04685109387469537,-2002.0719885059889,2002.1656906937383,,
2016-12-16 01:00:00,0.003988121105149576,-1.0375559954242903,1.0455322376345895,,
2016-12-16 02:00:00,0.0038648601749080055,-1.0403335211252103,1.0480632414750264,,
2016-12-16 03:00:00,0.008794780264446755,-1.0375311727689878,1.0551207332978814,,
2016-12-16 04:00:00,0.024023167241843328,-1.0239443762288787,1.0719907107125655,,
2016-12-16 05:00:00,0.0529754106091334,-0.9961983879076701,1.1021492091259368,,
2016-12-16 06:00:00,0.07695900115631187,-0.9730448816885747,1.1269628840011985,,
2016-12-16 07:00:00,0.12774576843727117,-0.9227780536196282,1.1782695904941705,,
2016-12-16 08:00:00,0.11585943633173135,-0.9349449742364513,1.166663846899914,,
2016-12-16 09:00:00,0.10797810998797867,-0.9429408790371827,1.15889709901314,,
2016-12-16 10:00:00,0.06172555462920858,-0.9892155417680322,1.1126666510264493,,
2016-12-16 11:00:00,0.048025931686489456,-1.0029161481701698,1.0989680115431488,,
2016-12-16 12:00:00,0.04593165760362199,-1.0050572380281906,1.0969205532354345,,
2016-12-16 13:00:00,0.04679212240354138,-1.004349871129039,1.097934115936122,,
2016-12-16 14:00:00,0.04244913638581736,-1.0090043571353573,1.0939026299069918,,
2016-12-16 15:00:00,0.036119848916746536,-1.015845888916004,1.088085586749497,,
2016-12-16 16:00:00,0.03237871361405575,-1.0203314809920287,1.08508890822014,,
2016-12-16 17:00:00,0.030945457237835792,-1.0227613905073023,1.084652304982974,,
2016-12-16 18:00:00,0.02529956986835539,-1.029664449504853,1.0802635892415637,,
2016-12-16 19:00:00,0.021815274800357155,-1.0346634373280972,1.0782939869288113,,
2016-12-16 20:00:00,0.017389986512621025,-1.040847406144725,1.075627379169967,,
2016-12-16 21:00:00,0.01436034893339944,-1.0458569104709876,1.0745776083377865,,
2016-12-16 22:00:00,0.007981695468070364,-1.0544068136750675,1.070370204611208,,
2016-12-16 23:00:00,0.00029698295089812857,-1.0644501844505296,1.0650441503523258,,
2016-12-17 00:00:00,0.03461911171821863,-2002.0842355822524,2002.153473805689,,
2016-12-17 01:00:00,-0.00848222349007001,-1.078129408978428,1.0611649619982877,,
2016-12-17 02:00:00,-0.008787496538222745,-1.0809455148972957,1.0633705218208505,,
2016-12-17 03:00:00,-0.0039839824912012555,-1.0786336814142181,1.0706657164318154,,
2016-12-17 04:00:00,0.011172436662207305,-1.0659052499453905,1.088250123269805,,
2016-12-17 05:00:00,0.04010559781107348,-1.039298108417432,1.1195093040395787,,
2016-12-17 06:00:00,0.0641210967922636,-1.0174740054289482,1.1457161990134754,,
2016-12-17 07:00:00,0.11498857116871136,-0.9686367765341384,1.198613918871561,,
2016-12-17 08:00:00,0.10322930327696248,-0.9822450948172783,1.1887037013712032,,
2016-12-17 09:00:00,0.09551875611639427,-0.9916101450925788,1.1826476573253673,,
2016-12-17 10:00:00,0.04947790183099805,-1.0391042148560734,1.1380600185180696,,
2016-12-17 11:00:00,0.03602800751521958,-1.0538055436403537,1.1258615586707927,,
2016-12-17 12:00:00,0.03421854296780578,-1.0566699291718606,1.125107015107472,,
2016-12-17 13:00:00,0.035395946781815166,-1.056361194625605,1.1271530881892355,,
2016-12-17 14:00:00,0.03139911846801392,-1.0610548192445581,1.1238530561805862,,
2016-12-17 15:00:00,0.025442379938869077,-1.0675540349197752,1.1184387947975132,,
2016-12-17 16:00:00,0.022097480067283383,-1.0713067823760212,1.1155017425105878,,
2016-12-17 17:00:00,0.02108159909791972,-1.0726167106451896,1.1147799088410288,,
2016-12-17 18:00:00,0.015871870019053998,-1.0780276569382234,1.1097713969763316,,
2016-12-17 19:00:00,0.01284037491902056,-1.0811877933788563,1.1068685432168972,,
2016-12-17 20:00:00,0.008882624352871314,-1.0852203795519577,1.1029856282577002,,
2016-12-17 21:00:00,0.006333611683277285,-1.0878071291603881,1.1004743525269427,,
2016-12-17 22:00:00,0.0004472836852155329,-1.0937084090152047,1.094602976385636,,
2016-12-17 23:00:00,-0.0067345205185888836,-1.1008957502674355,1.0874267092302576,,
2016-12-18 00:00:00,0.028100249993812113,-2002.0907690501838,2002.1469695501712,,
2016-12-18 01:00:00,-0.01447929731127179,-1.1086427822307106,1.079684187608167,,
2016-12-18 02:00:00,-0.014253972969567118,-1.1084247704564865,1.079916824517352,,
2016-12-18 03:00:00,-0.008911154804829444,-1.1030968346940566,1.0852745250843976,,
2016-12-18 04:00:00,0.006793384815307147,-1.0874130032322629,1.1009997728628773,,
2016-12-18 05:00:00,0.03628377878396008,-1.0579469983890974,1.1305145559570176,,
2016-12-18 06:00:00,0.06086607530869357,-1.0333900953301451,1.1551222459475323,,
2016-12-18 07:00:00,0.11231048715942271,-0.981969339127825,1.2065903134466704,,
2016-12-18 08:00:00,0.10113895822941982,-0.9931604132331231,1.1954383296919626,,
2016-12-18 09:00:00,0.09402766058492615,-1.0002855981193526,1.188340919289205,,
2016-12-18 10:00:00,0.04859828239412802,-1.0457228137499945,1.1429193785382505,,
2016-12-18 11:00:00,0.03577277213478138,-1.0585510541310215,1.1300965984005842,,
2016-12-18 12:00:00,0.0346012043908742,-1.0597226771614416,1.1289250859431899,,
2016-12-18 13:00:00,0.03643050432206373,-1.0578946077519702,1.1307556163960975,,
2016-12-18 14:00:00,0.03309989919816871,-1.0612327340018683,1.127432532398206,,
2016-12-18 15:00:00,0.027823841010787227,-1.066528751234403,1.1221764332559774,,
2016-12-18 16:00:00,0.025173974541286566,-1.0692178232465994,1.1195657723291728,,
2016-12-18 17:00:00,0.024867108299025893,-1.0695902247070828,1.1193244413051346,,
2016-12-18 18:00:00,0.020379706035722516,-1.074176372472052,1.114935784543497,,
2016-12-18 19:00:00,0.01808285741145639,-1.0766114343922404,1.1127771492151532,,
2016-12-18 20:00:00,0.014870736334943867,-1.0800064571809067,1.1097479298507944,,
2016-12-18 21:00:00,0.013076639377485096,-1.0820320224644007,1.1081853012193708,,
2016-12-18 22:00:00,0.00795244591747482,-1.0874388598381883,1.1033437516731381,,
2016-12-18 23:00:00,0.0015375523762184453,-1.0942006836695763,1.0972757884220132,,
2016-12-19 00:00:00,0.037141192945964636,-2002.0817291599667,2002.1560115458585,,
2016-12-19 01:00:00,-0.004670708278301573,-1.1012035532267315,1.0918621366701284,,
2016-12-19 02:00:00,-0.003682498298801918,-1.100675057014463,1.093310060416859,,
2016-12-19 03:00:00,0.002414575169379863,-1.0950706068107743,1.099899757149534,,
2016-12-19 04:00:00,0.018860562114855765,-1.0791394905884717,1.1168606148181834,,
2016-12-19 05:00:00,0.04907514150217296,-1.0494515605414096,1.1476018435457558,,
2016-12-19 06:00:00,0.07435966829837744,-1.0246947547743641,1.1734140913711189,,
2016-12-19 07:00:00,0.1264794648290896,-0.97309311434117,1.2260520439993492,,
2016-12-19 08:00:00,0.11595143413716302,-0.9841195371669065,1.2160224054412325,,
2016-12-19 09:00:00,0.1094466080028824,-0.9910937014194712,1.209986917425236,,
2016-12-19 10:00:00,0.06458148943531057,-1.0363911104568073,1.1655540893274283,,
2016-12-19 11:00:00,0.05227285439529028,-1.049088592294197,1.1536343010847774,,
2016-12-19 12:00:00,0.051565677371873,-1.0501366728273593,1.1532680275711051,,
2016-12-19 13:00:00,0.05380191716592949,-1.0481908980388168,1.1557947323706756,,
2016-12-19 14:00:00,0.050816030510940455,-1.0514163607109102,1.153048421732791,,
2016-12-19 15:00:00,0.04581795675801557,-1.0566046730105794,1.1482405865266103,,
2016-12-19 16:00:00,0.04337514720650859,-1.0591917418248435,1.1459420362378605,,
2016-12-19 17:00:00,0.0432005956935183,-1.0594695062253499,1.1458706976123862,,
2016-12-19 18:00:00,0.038767387355137566,-1.0639710195365697,1.1415057942468447,,
2016-12-19 19:00:00,0.03644372335966747,-1.0663350640204723,1.1392225107398073,,
2016-12-19 20:00:00,0.03312142938795549,-1.069677218212361,1.1359200769882722,,
2016-12-19 21:00:00,0.031132039550405718,-1.071673371748197,1.1339374508490085,,
2016-12-19 22:00:00,0.02572629673465503,-1.0770799087257987,1.1285325021951087,,
2016-12-19 23:00:00,0.01894312113759562,-1.0838643222039372,1.1217505644791286,,
2016-12-20 00:00:00,0.05409195883960304,-2002.0647820898287,2002.1729660075077,,
2016-12-20 01:00:00,0.011739654860950528,-1.0910898292599214,1.1145691389818224,,
2016-12-20 02:00:00,0.012103505771422236,-1.0907516589402446,1.1149586704830892,,
2016-12-20 03:00:00,0.017494636059430076,-1.0853992623067485,1.1203885344256088,,
2016-12-20 04:00:00,0.03315619468725569,-1.0697881760090895,1.1361005653836007,,
2016-12-20 05:00:00,0.06251167652661317,-1.040492954163814,1.1655163072170402,,
2016-12-20 06:00:00,0.08686695153839039,-1.0162048930113927,1.1899387960881735,,
2016-12-20 07:00:00,0.13799253033279282,-0.9651499996758685,1.2411350603414542,,
2016-12-20 08:00:00,0.12641114393994357,-0.9768016962870043,1.2296239841668914,,
2016-12-20 09:00:00,0.11880025070178911,-0.9844787324421491,1.2220792338457274,,
2016-12-20 10:00:00,0.07278333043949456,-1.030554257444854,1.176120918323843,,
2016-12-20 11:00:00,0.059284631090715405,-1.0441013880353003,1.162670650216731,,
2016-12-20 12:00:00,0.05735703295720764,-1.046065689705453,1.1607797556198685,,
2016-12-20 13:00:00,0.058350767514469236,-1.0450966304719742,1.1617981655009126,,
2016-12-20 14:00:00,0.054108859084038494,-1.0493522577703178,1.1575699759383946,,
2016-12-20 15:00:00,0.047850033331314934,-1.0556163274414283,1.1513163941040583,,
2016-12-20 16:00:00,0.04415066696297352,-1.059316232993678,1.147617566919625,,
2016-12-20 17:00:00,0.04273273607776857,-1.0607348805919918,1.1462003527475289,,
2016-12-20 18:00:00,0.037078280962239044,-1.0663958903306663,1.1405524522551442,,
2016-12-20 19:00:00,0.03356434603809945,-1.0699283072840744,1.1370569993602733,,
2016-12-20 20:00:00,0.029091403660407893,-1.0744377526414763,1.1326205599622923,,
2016-12-20 21:00:00,0.025999354386484222,-1.0775900187005552,1.1295887274735237,,
2016-12-20 22:00:00,0.01954694563555107,-1.084131464155859,1.1232253554269611,,
2016-12-20 23:00:00,0.011780661403323667,-1.0920270300230348,1.115588352829682,,
2016-12-21 00:00:00,0.04601699577372403,-2002.072857671422,2002.1648916629695,,
2016-12-21 01:00:00,0.0028292555152259584,-1.1013103184983344,1.1069688295287865,,
2016-12-21 02:00:00,0.0024405476334497006,-1.1019117387508175,1.1067928340177169,,
2016-12-21 03:00:00,0.007167096830374104,-1.0974247256089689,1.111758919269717,,
2016-12-21 04:00:00,0.02225638997535339,-1.0825937659556237,1.1271065459063305,,
2016-12-21 05:00:00,0.051135452886983165,-1.053982962049715,1.1562538678236813,,
2016-12-21 06:00:00,0.07511284281346339,-1.0302739109915064,1.180499596618433,,
2016-12-21 07:00:00,0.12596088568400568,-0.9796839392121776,1.231605710580189,,
2016-12-21 08:00:00,0.11420323630483288,-0.991679184459977,1.2200856570696428,,
2016-12-21 09:00:00,0.1065173746570014,-0.9995729573496441,1.212607706663647,,
2016-12-21 10:00:00,0.06052589859637968,-1.0457353247467638,1.1667871219395232,,
2016-12-21 11:00:00,0.047151278194147286,-1.0592392327616729,1.1535417891499673,,
2016-12-21 12:00:00,0.04544373679936073,-1.0610335480485658,1.1519210216472873,,
2016-12-21 13:00:00,0.04674999561397491,-1.0597750708985711,1.153275062126521,,
2016-12-21 14:00:00,0.042908749818969597,-1.0636337232373343,1.1494512228752733,,
2016-12-21 15:00:00,0.03713361985472254,-1.0694101151829274,1.1436773548923724,,
2016-12-21 16:00:00,0.03399515177631302,-1.0725537925826947,1.1405440961353208,,
2016-12-21 17:00:00,0.033208823595701494,-1.0733752902178388,1.139792937409242,,
2016-12-21 18:00:00,0.02824957477824017,-1.0784313138094845,1.1349304633659647,,
2016-12-21 19:00:00,0.025486816901263865,-1.0813892103422647,1.1323628441447924,,
2016-12-21 20:00:00,0.021812933407966424,-1.085397610442224,1.1290234772581569,,
2016-12-21 21:00:00,0.019559360252711315,-1.0881691857023816,1.1272879062078043,,
2016-12-21 22:00:00,0.013976088485580716,-1.0944994051315857,1.122451582102747,,
2016-12-21 23:00:00,0.00710064053005289,-1.102377023064839,1.1165783041249449,,
2016-12-22 00:00:00,0.042240431958075544,-2002.0766380708326,2002.1611189347489,,
2016-12-22 01:00:00,-4.03369044987289e-05,-1.1125890933222147,1.112508419513217,,
2016-12-22 02:00:00,0.000472395369429165,-1.1141835580129629,1.1151283487518213,,
2016-12-22 03:00:00,0.006085956393374772,-1.1111034122973056,1.1232753250840553,,
2016-12-22 04:00:00,0.022039169957705374,-1.0981300155257236,1.1422083554411344,,
2016-12-22 05:00:00,0.05175071531418025,-1.0718551695926233,1.1753566002209839,,
2016-12-22 06:00:00,0.07652119827008336,-1.0509775958831948,1.2040199924233614,,
2016-12-22 07:00:00,0.12811546234039595,-1.0037200471474437,1.2599509718282356,,
2016-12-22 08:00:00,0.11705021736493935,-1.019541471053022,1.2536419057829005,,
2016-12-22 09:00:00,0.10999659804728841,-1.0317347746928345,1.2517279707874112,,
2016-12-22 10:00:00,0.06457151208943786,-1.082636191238914,1.2117792154177898,,
2016-12-22 11:00:00,0.051692442615295764,-1.1012715869913996,1.2046564722219912,,
2016-12-22 12:00:00,0.05040536950630136,-1.1085300989140594,1.2093408379266621,,
2016-12-22 13:00:00,0.052053546073278785,-1.1129971343781118,1.2171042265246692,,
2016-12-22 14:00:00,0.04847299883266722,-1.122760904891902,1.2197069025572367,,
2016-12-22 15:00:00,0.042875493818165425,-1.1345316683710376,1.2202826560073685,,
2016-12-22 16:00:00,0.03983054327622516,-1.1436619399773071,1.2233230265297574,,
2016-12-22 17:00:00,0.039053409685176586,-1.1503607330436363,1.2284675524139896,,
2016-12-22 18:00:00,0.034019624392397994,-1.1610811134462014,1.2291203622309974,,
2016-12-22 19:00:00,0.031099979101194004,-1.169387172770811,1.2315871309731992,,
2016-12-22 20:00:00,0.027188998458145475,-1.1783272501806978,1.2327052470969888,,
2016-12-22 21:00:00,0.024620985943834755,-1.1855192693336458,1.2347612412213151,,
2016-12-22 22:00:00,0.018649484605219167,-1.1956716336395166,1.232970602849955,,
2016-12-22 23:00:00,0.011316204951236364,-1.206680739305693,1.2293131492081657,,
2016-12-23 00:00:00,0.04593333245345136,-2002.0730094918456,2002.1648761567524,,
2016-12-23 01:00:00,0.0030703596839055415,-1.2209515118621523,1.2270922312299632,,
2016-12-23 02:00:00,0.002947098753664029,-1.2233644133749026,1.2292586108822305,,
2016-12-23 03:00:00,0.007877018843202728,-1.220273676571251,1.2360277142576563,,
2016-12-23 04:00:00,0.023105405820599306,-1.2064679168927381,1.2526787285339367,,
2016-12-23 05:00:00,0.0520576491878893,-1.1785643165839195,1.282679614959698,,
2016-12-23 06:00:00,0.07604123973506798,-1.155305422046802,1.307387901516938,,
2016-12-23 07:00:00,0.12682800701602734,-1.1049754683045168,1.3586314823365713,,
2016-12-23 08:00:00,0.11494167491048726,-1.1171109865744582,1.3469943363954326,,
2016-12-23 09:00:00,0.10706034856673471,-1.1250963921288,1.3392170892622695,,
2016-12-23 10:00:00,0.06080779320796456,-1.1713706595358149,1.2929862459517438,,
2016-12-23 11:00:00,0.04710817026524548,-1.1850705442663885,1.2792868847968792,,
2016-12-23 12:00:00,0.04501389618237806,-1.1872008305328305,1.2772286228975867,,
2016-12-23 13:00:00,0.045874360982297344,-1.186463805721677,1.2782125276862717,,
2016-12-23 14:00:00,0.04153137496457335,-1.1910622780399371,1.274125027969084,,
2016-12-23 15:00:00,0.03520208749550264,-1.1978154317014658,1.268219606692471,,
2016-12-23 16:00:00,0.03146095219281197,-1.2021759283068025,1.2650978326924265,,
2016-12-23 17:00:00,0.030027695816591697,-1.204441438985893,1.2644968306190765,,
2016-12-23 18:00:00,0.024381808447111346,-1.2111399857897434,1.2599036026839658,,
2016-12-23 19:00:00,0.020897513379113244,-1.215895258006607,1.2576902847648332,,
2016-12-23 20:00:00,0.016472225091377062,-1.2217988034882816,1.254743253671036,,
2016-12-23 21:00:00,0.01344258751215555,-1.226495041127116,1.2533802161514271,,
2016-12-23 22:00:00,0.007063934046826325,-1.2347036947235053,1.248831562817158,,
2016-12-23 23:00:00,-0.0006207784703457257,-1.2443787194529006,1.243137162512209,,
2016-12-24 00:00:00,0.03370135029697471,-2002.0852565287294,2002.1526592293233,,
2016-12-24 01:00:00,-0.009399984911313967,-1.2572979198821859,1.2384979500595579,,
2016-12-24 02:00:00,-0.009705257959466685,-1.259727061188595,1.2403165452696614,,
2016-12-24 03:00:00,-0.004901743912445177,-1.2570324431373556,1.2472289553124651,,
2016-12-24 04:00:00,0.010254675240963388,-1.2439319622261222,1.264441312708049,,
2016-12-24 05:00:00,0.03918783638982948,-1.2169690239331874,1.2953446967128464,,
2016-12-24 06:00:00,0.06320333537101973,-1.194810008572347,1.3212166793143865,,
2016-12-24 07:00:00,0.11407080974746758,-1.145662461680467,1.3738040811754022,,
2016-12-24 08:00:00,0.10231154185571849,-1.1589878085391743,1.3636108922506114,,
2016-12-24 09:00:00,0.0946009946951504,-1.1680990296378952,1.3573010190281962,,
2016-12-24 10:00:00,0.0485601404097541,-1.2153692652606138,1.3124895460801222,,
2016-12-24 11:00:00,0.03511024609397571,-1.2298767472075116,1.3000972393954628,,
2016-12-24 12:00:00,0.033300781546561894,-1.2325764693600998,1.2991780324532234,,
2016-12-24 13:00:00,0.034478185360571206,-1.2321307636092367,1.301087134330379,,
2016-12-24 14:00:00,0.030481357046770016,-1.2367130621821134,1.2976757762756532,,
2016-12-24 15:00:00,0.02452461851762522,-1.2431241195811666,1.2921733566164169,,
2016-12-24 16:00:00,0.021179718646039698,-1.2468091007078879,1.2891685379999671,,
2016-12-24 17:00:00,0.02016383767667567,-1.2480687260893928,1.2883964014427443,,
2016-12-24 18:00:00,0.01495410859781007,-1.2534438760058877,1.2833520932015077,,
2016-12-24 19:00:00,0.0119226134977767,-1.2565798519128222,1.2804250789083758,,
2016-12-24 20:00:00,0.007964862931627445,-1.260597239276551,1.2765269651398057,,
2016-12-24 21:00:00,0.0054158502620334,-1.2631753440010856,1.2740070445251523,,
2016-12-24 22:00:00,-0.0004704777360283929,-1.2690724298985387,1.2681314744264818,,
2016-12-24 23:00:00,-0.007652281939832714,-1.2762578201086776,1.260953256229012,,
2016-12-25 00:00:00,0.027182488572568213,-2002.091789745802,2002.1461547229474,,
2016-12-25 01:00:00,-0.015397058732515708,-1.2840058590337005,1.2532117415686692,,
2016-12-25 02:00:00,-0.015171734390811023,-1.2837886837271095,1.2534452149454873,,
2016-12-25 03:00:00,-0.009828916226073393,-1.2784610413399855,1.2588032088878387,,
2016-12-25 04:00:00,0.005875623394063365,-1.26277708840384,1.2745283351919667,,
2016-12-25 05:00:00,0.03536601736271603,-1.2333106829850506,1.3040427177104825,,
2016-12-25 06:00:00,0.05994831388744979,-1.2087533014312932,1.3286499292061926,,
2016-12-25 07:00:00,0.11139272573817884,-1.1573322058418376,1.3801176573181952,,
2016-12-25 08:00:00,0.10022119680817589,-1.168523249406578,1.3689656430229298,,
2016-12-25 09:00:00,0.09310989916368231,-1.1756487821474702,1.3618685804748347,,
2016-12-25 10:00:00,0.047680520972884013,-1.2210866390481034,1.3164476809938717,,
2016-12-25 11:00:00,0.0348550107135375,-1.2339155649517246,1.3036255863787996,,
2016-12-25 12:00:00,0.033683442969630266,-1.2350874757443886,1.302454361683649,,
2016-12-25 13:00:00,0.03551274290081981,-1.2332586710090438,1.3042841568106833,,
2016-12-25 14:00:00,0.03218213777692476,-1.2365942599752615,1.300958535529111,,
2016-12-25 15:00:00,0.026906079589543344,-1.2418850355014595,1.295697194680546,,
2016-12-25 16:00:00,0.024256213120042776,-1.2445651811692446,1.2930776074093302,,
2016-12-25 17:00:00,0.023949346877781844,-1.2449239770379485,1.2928226707935122,,
2016-12-25 18:00:00,0.019461944614478525,-1.2494908905359838,1.288414779764941,,
2016-12-25 19:00:00,0.01716509599021252,-1.2519002440679268,1.2862304360483519,,
2016-12-25 20:00:00,0.013952974913699897,-1.2552624016991245,1.2831683515265244,,
2016-12-25 21:00:00,0.012158877956241218,-1.257247464848361,1.2815652207608432,,
2016-12-25 22:00:00,0.007034684496230813,-1.2626058633136612,1.2766752323061228,,
2016-12-25 23:00:00,0.0006197909549745294,-1.2693093653203005,1.2705489472302496,,
2016-12-26 00:00:00,0.03622343152472064,-2002.0827498250676,2002.1551966881173,,
2016-12-26 01:00:00,-0.005588469699545568,-1.2761804459037829,1.2650035065046916,,
2016-12-26 02:00:00,-0.0046002597200459445,-1.2755767221852579,1.2663762027451662,,
2016-12-26 03:00:00,0.001496813748135887,-1.2698921157205643,1.2728857432168361,,
2016-12-26 04:00:00,0.01794280069361188,-1.2538775686139771,1.289763170001201,,
2016-12-26 05:00:00,0.04815738008092884,-1.22410451087938,1.3204192710412375,,
2016-12-26 06:00:00,0.07344190687713356,-1.1992624802064913,1.3461462939607582,,
2016-12-26 07:00:00,0.12556170340784562,-1.1475771021253325,1.3987005089410236,,
2016-12-26 08:00:00,0.115033672715919,-1.1585227925593335,1.3885901379911714,,
2016-12-26 09:00:00,0.1085288465816385,-1.16542061785584,1.382478311019117,,
2016-12-26 10:00:00,0.06366372801406645,-1.210647280110275,1.3379747361384078,,
2016-12-26 11:00:00,0.051355092974046224,-1.2232805829415132,1.3259907688896058,,
2016-12-26 12:00:00,0.05064791595062907,-1.2242717601411788,1.3255675920424368,,
2016-12-26 13:00:00,0.052884155744685434,-1.2222767778730395,1.3280450893624105,,
2016-12-26 14:00:00,0.04989826908969644,-1.2254608647405176,1.3252574029199107,,
2016-12-26 15:00:00,0.044900195336771476,-1.230615485721318,1.3204158763948608,,
2016-12-26 16:00:00,0.04245738578526479,-1.2331761386007791,1.3180909101713087,,
2016-12-26 17:00:00,0.04228283427227409,-1.2334341305910808,1.317999799135629,,
2016-12-26 18:00:00,0.037849625933893544,-1.2379217045658693,1.3136209564336565,,
2016-12-26 19:00:00,0.035525961938423396,-1.2402767009809696,1.3113286248578164,,
2016-12-26 20:00:00,0.032203667966711536,-1.2436136861703693,1.3080210221037922,,
2016-12-26 21:00:00,0.030214278129161658,-1.2456075176297594,1.3060360738880827,,
2016-12-26 22:00:00,0.02480853531341097,-1.2510135611930822,1.300630631819904,,
2016-12-26 23:00:00,0.018025359716351566,-1.2577981495527915,1.2938488689854946,,
2016-12-27 00:00:00,0.053174197418359055,-2002.0658026290373,2002.1721510238742,,
2016-12-27 01:00:00,0.010821893439706359,-1.2650246878271147,1.2866684747065276,,
2016-12-27 02:00:00,0.011185744350178203,-1.264686188784889,1.2870576774852454,,
2016-12-27 03:00:00,0.016576874638185968,-1.2593322454787426,1.2924859947551146,,
2016-12-27 04:00:00,0.032238433266011786,-1.2437185170842184,1.3081953836162419,,
2016-12-27 05:00:00,0.061593915105368845,-1.2144197071974314,1.337607537408169,,
2016-12-27 06:00:00,0.0859491901171465,-1.1901273694181365,1.3620257496524295,,
2016-12-27 07:00:00,0.1370747689115487,-1.1390678495978455,1.413217387420943,,
2016-12-27 08:00:00,0.1254933825186995,-1.1507149580870517,1.4017017231244506,,
2016-12-27 09:00:00,0.11788248928054516,-1.1583878264171017,1.3941528049781922,,
2016-12-27 10:00:00,0.07186556901825032,-1.2044599276578096,1.3481910656943104,,
2016-12-27 11:00:00,0.0583668696694713,-1.2180046118189736,1.334738351157916,,
2016-12-27 12:00:00,0.0564392715359636,-1.2199675370821146,1.3328460801540418,,
2016-12-27 13:00:00,0.057433006093225124,-1.2189980995733256,1.3338641117597758,,
2016-12-27 14:00:00,0.05319109766279444,-1.2232541039398857,1.3296362992654747,,
2016-12-27 15:00:00,0.04693227191007083,-1.229518884617915,1.3233834284380568,,
2016-12-27 16:00:00,0.04323290554172955,-1.2332192499019976,1.3196850609854567,,
2016-12-27 17:00:00,0.04181497465652434,-1.2346373903316656,1.3182673396447144,,
2016-12-27 18:00:00,0.03616051954099498,-1.240296119247509,1.3126171583294992,,
2016-12-27 19:00:00,0.032646584616855365,-1.2438236346998994,1.30911680393361,,
2016-12-27 20:00:00,0.028173642239163816,-1.248324730561023,1.3046720150393507,,
2016-12-27 21:00:00,0.025081592965240103,-1.25146444440517,1.3016276303356502,,
2016-12-27 22:00:00,0.018629184214307003,-1.2579884690732785,1.2952468375018924,,
2016-12-27 23:00:00,0.010862899982079587,-1.2658600227871282,1.2875858227512875,,
2016-12-28 00:00:00,0.04509923435247993,-2002.0738782273004,2002.1640766960052,,
2016-12-28 01:00:00,0.0019114940939817813,-1.2750837063915943,1.2789066945795577,,
2016-12-28 02:00:00,0.0015227862122056484,-1.2756480359261833,1.2786936083505944,,
2016-12-28 03:00:00,0.006249335409130011,-1.2711197650181751,1.283618435836435,,
2016-12-28 04:00:00,0.021338628554109368,-1.2562446757031582,1.2989219328113768,,
2016-12-28 05:00:00,0.05021769146573891,-1.2275882407423213,1.328023623673799,,
2016-12-28 06:00:00,0.07419508139221942,-1.2038335637614255,1.3522237265458643,,
2016-12-28 07:00:00,0.12504312426276162,-1.1531995525409722,1.4032858010664955,,
2016-12-28 08:00:00,0.11328547488358873,-1.1651539131425037,1.3917248629096812,,
2016-12-28 09:00:00,0.10559961323575737,-1.173011395664555,1.3842106221360695,,
2016-12-28 10:00:00,0.05960813717513546,-1.2191432540258056,1.3383595283760763,,
2016-12-28 11:00:00,0.04623351677290322,-1.2326232539753545,1.3250902875211612,,
2016-12-28 12:00:00,0.04452597537811664,-1.234400587539745,1.3234525382959783,,
2016-12-28 13:00:00,0.04583223419273086,-1.2331317747206947,1.3247962431061564,,
2016-12-28 14:00:00,0.041990988397725575,-1.236985772625729,1.3209677494211802,,
2016-12-28 15:00:00,0.036215858433478416,-1.2427614581852058,1.3151931750521626,,
2016-12-28 16:00:00,0.033077390355069035,-1.2459058444770554,1.3120606251871934,,
2016-12-28 17:00:00,0.03229106217445727,-1.2467261233183566,1.311308247667271,,
2016-12-28 18:00:00,0.027331813356996165,-1.251774882238078,1.3064385089520705,,
2016-12-28 19:00:00,0.02456905548001976,-1.254714644296779,1.3038527552568184,,
2016-12-28 20:00:00,0.02089517198672242,-1.2586886362008403,1.3004789801742853,,
2016-12-28 21:00:00,0.01864159883146719,-1.2614037005501575,1.298686898213092,,
2016-12-28 22:00:00,0.013058327064336676,-1.2676492952690934,1.293765949397767,,
2016-12-28 23:00:00,0.006182879108808853,-1.2754105420415456,1.2877763002591631,,
2016-12-29 00:00:00,0.041322670536831474,-2002.0776586226034,2002.160303963677,,
2016-12-29 01:00:00,-0.0009580983257428852,-1.2852564022669875,1.2833402056155017,,
2016-12-29 02:00:00,-0.00044536605181486337,-1.2865961213972024,1.2857053892935726,,
2016-12-29 03:00:00,0.005168194972130731,-1.2832078776478508,1.2935442675921123,,
2016-12-29 04:00:00,0.021121408536461377,-1.2698709117104217,1.3121137287833442,,
2016-12-29 05:00:00,0.050832953892936045,-1.2431762488580311,1.344842156643903,,
2016-12-29 06:00:00,0.07560343684883947,-1.2218233972132209,1.3730302709108997,,
2016-12-29 07:00:00,0.1271977009191519,-1.1740374974656027,1.4284328993039064,,
2016-12-29 08:00:00,0.11613245594369527,-1.189281462664933,1.4215463745523238,,
2016-12-29 09:00:00,0.10907883662604441,-1.2008536356219668,1.4190113088740557,,
2016-12-29 10:00:00,0.06365375066819376,-1.251096990890326,1.3784044922267136,,
2016-12-29 11:00:00,0.05077468119405174,-1.269045221608415,1.3705945839965183,,
2016-12-29 12:00:00,0.04948760808505726,-1.27559611866573,1.3745713348358446,,
2016-12-29 13:00:00,0.051135784652034805,-1.2793442751865178,1.3816158444905875,,
2016-12-29 14:00:00,0.04755523741142329,-1.2883873395599852,1.3834978143828316,,
2016-12-29 15:00:00,0.041957732396921334,-1.299444952912586,1.3833604177064287,,
2016-12-29 16:00:00,0.03891278185498121,-1.3078786918050664,1.385704255515029,,
2016-12-29 17:00:00,0.038135648263932474,-1.3139060607540403,1.3901773572819054,,
2016-12-29 18:00:00,0.033101862971154056,-1.3239878317330878,1.390191557675396,,
2016-12-29 19:00:00,0.03018221767994998,-1.3316948379646751,1.3920592733245751,,
2016-12-29 20:00:00,0.02627123703690148,-1.340081067068718,1.3926235411425207,,
2016-12-29 21:00:00,0.02370322452259071,-1.346768894528622,1.3941753435738036,,
2016-12-29 22:00:00,0.017731723183975194,-1.3564700008258346,1.3919334471937848,,
2016-12-29 23:00:00,0.01039844352999242,-1.367086634010736,1.3878835210707208,,
2016-12-30 00:00:00,0.04501557103220732,-2002.0740306533469,2002.1640617954115,,
2016-12-30 01:00:00,0.0021525982626614654,-1.380724393325698,1.3850295898510212,,
2016-12-30 02:00:00,0.0020293373324200797,-1.3829016791338429,1.386960353798683,,
2016-12-30 03:00:00,0.006959257421958766,-1.3796247042501417,1.3935432190940593,,
2016-12-30 04:00:00,0.022187644399355336,-1.3656777876717832,1.410053076470494,,
2016-12-30 05:00:00,0.05113988776664521,-1.3376729121353614,1.4399526876686517,,
2016-12-30 06:00:00,0.07512347831382414,-1.3143466907975456,1.464593647425194,,
2016-12-30 07:00:00,0.1259102455947833,-1.2639768356801662,1.515797326869733,,
2016-12-30 08:00:00,0.11402391348924329,-1.27609295292075,1.5041407798992368,,
2016-12-30 09:00:00,0.10614258714549077,-1.28407233313455,1.4963575074255318,,
2016-12-30 10:00:00,0.05989003178672054,-1.3303468423893727,1.450126905962814,,
2016-12-30 11:00:00,0.04619040884400147,-1.3440463633986857,1.4364271810866887,,
2016-12-30 12:00:00,0.044096134761134005,-1.346169259813331,1.434361529335599,,
2016-12-30 13:00:00,0.04495659956105343,-1.3454120481638794,1.4353252472859863,,
2016-12-30 14:00:00,0.04061361354332954,-1.3499726032857513,1.4311998303724103,,
2016-12-30 15:00:00,0.03428432607425858,-1.3566661517649978,1.4252348039135152,,
2016-12-30 16:00:00,0.030543190771568064,-1.3609424848085687,1.422028866351705,,
2016-12-30 17:00:00,0.029109934395347602,-1.3630975554616775,1.4213174242523727,,
2016-12-30 18:00:00,0.02346404702586752,-1.3696588283908104,1.4165869224425456,,
2016-12-30 19:00:00,0.019979751957869277,-1.3742505591884804,1.414210063104219,,
2016-12-30 20:00:00,0.015554463670133141,-1.3799659075621031,1.4110748349023696,,
2016-12-30 21:00:00,0.01252482609091152,-1.3844518047451382,1.409501456926961,,
2016-12-30 22:00:00,0.006146172625582435,-1.392431153297169,1.404723498548334,,
2016-12-30 23:00:00,-0.0015385398915896264,-1.4018584270504808,1.3987813472673014,,
2016-12-31 00:00:00,0.032783588875730706,-2002.0862776538063,2002.1518448315576,,
2016-12-31 01:00:00,-0.010317746332558029,-1.4142654241356185,1.3936299314705023,,
2016-12-31 02:00:00,-0.010623019380710521,-1.4164332362525247,1.3951871974911039,,
2016-12-31 03:00:00,-0.005819505333689068,-1.4134797116936357,1.4018407010262575,,
2016-12-31 04:00:00,0.009336913819719402,-1.4001271869040373,1.4188010145434762,,
2016-12-31 05:00:00,0.03827007496858549,-1.3729228234286646,1.4494629733658357,,
2016-12-31 06:00:00,0.06228557394977596,-1.3505361836971046,1.4751073315966567,,
2016-12-31 07:00:00,0.1131530483262236,-1.3011773820916783,1.5274834787441254,,
2016-12-31 08:00:00,0.10139378043447458,-1.3143097756313882,1.5170973365003375,,
2016-12-31 09:00:00,0.09368323327390649,-1.3232476286671662,1.5106140952149794,,
2016-12-31 10:00:00,0.04764237898851017,-1.3703647334904505,1.4656494914674707,,
2016-12-31 11:00:00,0.03419248467273172,-1.3847393742915255,1.453124343636989,,
2016-12-31 12:00:00,0.032383020125317845,-1.3873260573952675,1.4520920976459033,,
2016-12-31 13:00:00,0.03356042393932741,-1.386786150207364,1.4539069980860189,,
2016-12-31 14:00:00,0.029563595625526212,-1.3912917346296307,1.4504189258806832,,
2016-12-31 15:00:00,0.023606857096381263,-1.3976419103269382,1.4448556245197006,,
2016-12-31 16:00:00,0.020261957224795762,-1.40127997959923,1.4418038940488214,,
2016-12-31 17:00:00,0.019246076255431687,-1.4025046894074857,1.440996841918349,,
2016-12-31 18:00:00,0.014036347176566266,-1.4078549192354917,1.4359276135886243,,
2016-12-31 19:00:00,0.011004852076532776,-1.410974023651612,1.4329837278046773,,
2016-12-31 20:00:00,0.007047101510383561,-1.4149807712059193,1.4290749742266862,,
2016-12-31 21:00:00,0.004498088840789419,-1.417552827725256,1.426549005406835,,
2016-12-31 22:00:00,-0.0013882391572722765,-1.4234470196115765,1.4206705412970317,,
2016-12-31 23:00:00,-0.008570043361076599,-1.4306311339878128,1.4134910472656594,,
